title,year,venue,paper_url,reason,evidence_url
Flow-Based Gaussian Splatting for Continuous-Scale Remote Sensing Image Super-Resolution,2026,arXiv,https://arxiv.org/abs/2605.22147,Preprint-only; no qualifying peer-reviewed venue.,https://arxiv.org/
Domain-Aware Implicit Network for Arbitrary-Scale Remote Sensing Image Super-Resolution,2025,Advanced Intelligent Discovery,https://doi.org/10.1002/aidi.202400021,Fails strict quality gate: no verified CAS 1/2 or JCR Q1 evidence.,https://www.wiley.com/en-no/journal-finder/journal/aidi
ImplicitTerrain: a Continuous Surface Model for Terrain Data Analysis,2024,CVPR INRV Workshop,https://openaccess.thecvf.com/content/CVPR2024W/INRV/html/Feng_ImplicitTerrain_a_Continuous_Surface_Model_for_Terrain_Data_Analysis_CVPRW_2024_paper.html,Workshop paper; CCF rules count only Full/Regular papers and exclude co-located workshops.,https://www.ccf.org.cn/Academic_Evaluation/By_category/2026-03-31/870181.shtml
Location Is All You Need: Continuous Spatiotemporal Neural Representations of Earth Observation Data,2026,CVPR EarthVision Workshop,https://arxiv.org/abs/2604.07092,Workshop paper; CCF rules count only Full/Regular papers and exclude co-located workshops.,https://www.ccf.org.cn/Academic_Evaluation/By_category/2026-03-31/870181.shtml
Implicit Neural Representation for Elastic Full-Waveform Inversion,2026,Geophysical Prospecting,https://doi.org/10.1111/1365-2478.70168,Fails strict journal gate (not CAS 1/2 and not JCR Q1 in the audit).,https://www.ablesci.com/journal/detail?id=pLaRd5
Implicit Neural Representations for Unsupervised Seismic Data Interpolation From Single Gather,2025,Geophysical Prospecting,https://doi.org/10.1111/1365-2478.70110,Fails strict journal gate (not CAS 1/2 and not JCR Q1 in the audit).,https://www.ablesci.com/journal/detail?id=pLaRd5
Sat-DN: Implicit Surface Reconstruction from Multi-View Satellite Images with Depth and Normal Supervision,2025,arXiv,https://arxiv.org/abs/2502.08352,Preprint-only; no qualifying peer-reviewed venue.,https://arxiv.org/
Semantic Neural Radiance Fields for Multi-Date Satellite Data,2025,WACV CV4EO Workshop,https://openaccess.thecvf.com/content/WACV2025W/CV4EO/html/Wagner_Semantic_Neural_Radiance_Fields_for_Multi-Date_Satellite_Data_WACVW_2025_paper.html,Workshop and not CCF-A main conference.,https://www.ccf.org.cn/Academic_Evaluation/By_category/2026-03-31/870181.shtml
Implicit Neural Representation for Change Detection,2024,WACV,https://openaccess.thecvf.com/content/WACV2024/html/Naylor_Implicit_Neural_Representation_for_Change_Detection_WACV_2024_paper.html,Conference is not CCF-A.,https://www.ccf.org.cn/Academic_Evaluation/By_category/2026-03-31/870181.shtml
Multi-Date Earth Observation NeRF: The Detail Is in the Shadows,2023,CVPR EarthVision Workshop,https://openaccess.thecvf.com/content/CVPR2023W/EarthVision/html/Mari_Multi-Date_Earth_Observation_NeRF_The_Detail_Is_in_the_Shadows_CVPRW_2023_paper.html,Workshop paper; CCF rules count only Full/Regular papers and exclude co-located workshops.,https://www.ccf.org.cn/Academic_Evaluation/By_category/2026-03-31/870181.shtml
Sat-NeRF: Learning Multi-View Satellite Photogrammetry With Transient Objects and Shadow Modeling Using RPC Cameras,2022,CVPR EarthVision Workshop,https://centreborelli.github.io/satnerf/,Workshop paper; CCF rules count only Full/Regular papers and exclude co-located workshops.,https://www.ccf.org.cn/Academic_Evaluation/By_category/2026-03-31/870181.shtml
EOGS++: Earth Observation Gaussian Splatting with Internal Camera Refinement and Direct Panchromatic Rendering,2026,ISPRS Annals,https://doi.org/10.5194/isprs-annals-XI-2-2026-217-2026,Proceedings venue not on the accepted CCF-A main-conference list.,https://www.ccf.org.cn/Academic_Evaluation/By_category/2026-03-31/870181.shtml
Multi-Spectral Gaussian Splatting with Neural Color Representation,2026,Computer Graphics Forum,https://doi.org/10.1111/cgf.70337,Fails strict journal gate (not CAS 1/2 and not JCR Q1 in the audit).,https://www.ccf.org.cn/Academic_Evaluation/CGAndMT/
