previous_category,title,reason
Foundations — Continuous 3D Scene Representations,3D Gaussian Splatting for Real-Time Radiance Field Rendering,Generic foundation/survey paper; not a direct continuous remote-sensing/geoscience application.
"Foundations — INR, Functional & Tensor Representations",A Structured Dictionary Perspective on Implicit Neural Representations,Generic foundation/survey paper; not a direct continuous remote-sensing/geoscience application.
Continuous Physical & Geophysical Fields,Adaptive Neural Operator for Arbitrary-Scale Asteroid Remote Sensing Image Super-Resolution With Unsupervised and Supervised Learning,Planetary/asteroid sensing is outside the Earth-observation scope of this repository.
Spectral & Spatial-Spectral Continuous Modeling,An Integrated Approach to Registration and Fusion of Hyperspectral and Multispectral Images,"Remote-sensing baseline/context paper, but continuity is not the central representation/modeling mechanism."
"Foundations — INR, Functional & Tensor Representations",CoordX: Accelerating Implicit Neural Representation with a Split MLP Architecture,Generic foundation/survey paper; not a direct continuous remote-sensing/geoscience application.
Spectral & Spatial-Spectral Continuous Modeling,Deep Blind Hyperspectral Image Fusion,"Remote-sensing baseline/context paper, but continuity is not the central representation/modeling mechanism."
Foundations — Neural Operators & Function Learning,DeepONet: Learning nonlinear operators for identifying differential equations based on the universal approximation theorem of operators,Generic foundation/survey paper; not a direct continuous remote-sensing/geoscience application.
Foundations — Continuous 3D Scene Representations,DeepSDF: Learning Continuous Signed Distance Functions for Shape Representation,Generic foundation/survey paper; not a direct continuous remote-sensing/geoscience application.
"Foundations — INR, Functional & Tensor Representations",Direct Voxel Grid Optimization: Super-Fast Convergence for Radiance Fields Reconstruction,Generic foundation/survey paper; not a direct continuous remote-sensing/geoscience application.
"Foundations — INR, Functional & Tensor Representations",Disorder-Invariant Implicit Neural Representation,Generic foundation/survey paper; not a direct continuous remote-sensing/geoscience application.
"Foundations — INR, Functional & Tensor Representations",DS-NeRV: Implicit Neural Video Representation with Decomposed Static and Dynamic Codes,Generic foundation/survey paper; not a direct continuous remote-sensing/geoscience application.
"Foundations — INR, Functional & Tensor Representations",FINER: Flexible Spectral Bias Tuning in Implicit Neural Representation by Variable-Periodic Activation Functions,Generic foundation/survey paper; not a direct continuous remote-sensing/geoscience application.
"Foundations — INR, Functional & Tensor Representations",Fourier Features Let Networks Learn High Frequency Functions in Low Dimensional Domains,Generic foundation/survey paper; not a direct continuous remote-sensing/geoscience application.
Foundations — Neural Operators & Function Learning,Fourier Neural Operator for Parametric Partial Differential Equations,Generic foundation/survey paper; not a direct continuous remote-sensing/geoscience application.
"Foundations — INR, Functional & Tensor Representations",Functional Bayesian Tucker Decomposition for Continuous-Indexed Tensor Data,Generic foundation/survey paper; not a direct continuous remote-sensing/geoscience application.
Foundations — Continuous 3D Scene Representations,Gaussian Splatting-based Low-Rank Tensor Representation for Multi-Dimensional Image Recovery,Generic foundation/survey paper; not a direct continuous remote-sensing/geoscience application.
Surveys & Reviews,Hyperspectral and Multispectral Data Fusion: A Comparative Review of the Recent Literature,Generic foundation/survey paper; not a direct continuous remote-sensing/geoscience application.
Spectral & Spatial-Spectral Continuous Modeling,Hyperspectral and Multispectral Image Fusion Based on a Sparse Representation,"Remote-sensing baseline/context paper, but continuity is not the central representation/modeling mechanism."
Surveys & Reviews,Hyperspectral Pansharpening: A Review,Generic foundation/survey paper; not a direct continuous remote-sensing/geoscience application.
Spectral & Spatial-Spectral Continuous Modeling,HySure: A Convex Formulation for Hyperspectral Image Superresolution via Subspace-Based Regularization,"Remote-sensing baseline/context paper, but continuity is not the central representation/modeling mechanism."
"Foundations — INR, Functional & Tensor Representations",Implicit Neural Representations and the Algebra of Complex Wavelets,Generic foundation/survey paper; not a direct continuous remote-sensing/geoscience application.
"Foundations — INR, Functional & Tensor Representations",Implicit Neural Representations with Periodic Activation Functions,Generic foundation/survey paper; not a direct continuous remote-sensing/geoscience application.
Foundations — Neural Operators & Function Learning,Implicit Representations via Operator Learning,Generic foundation/survey paper; not a direct continuous remote-sensing/geoscience application.
"Foundations — INR, Functional & Tensor Representations",Improved Implicit Neural Representation with Fourier Reparameterized Training,Generic foundation/survey paper; not a direct continuous remote-sensing/geoscience application.
"Foundations — INR, Functional & Tensor Representations",Inductive Gradient Adjustment for Spectral Bias in Implicit Neural Representations,Generic foundation/survey paper; not a direct continuous remote-sensing/geoscience application.
"Foundations — INR, Functional & Tensor Representations",Instant Neural Graphics Primitives with a Multiresolution Hash Encoding,Generic foundation/survey paper; not a direct continuous remote-sensing/geoscience application.
"Foundations — INR, Functional & Tensor Representations",KAN: Kolmogorov-Arnold Networks,Generic foundation/survey paper; not a direct continuous remote-sensing/geoscience application.
"Foundations — INR, Functional & Tensor Representations",Learning Continuous Image Representation with Local Implicit Image Function,Generic foundation/survey paper; not a direct continuous remote-sensing/geoscience application.
"Foundations — INR, Functional & Tensor Representations",Learning Continuous Spatiotemporal Implicit Neural Fields for Unsupervised Video Denoising,Generic foundation/survey paper; not a direct continuous remote-sensing/geoscience application.
"Foundations — INR, Functional & Tensor Representations",Learning Initializations for Optimizing Coordinate-Based Neural Representations,Generic foundation/survey paper; not a direct continuous remote-sensing/geoscience application.
"Foundations — INR, Functional & Tensor Representations",Learning Transferable Features for Implicit Neural Representations,Generic foundation/survey paper; not a direct continuous remote-sensing/geoscience application.
"Foundations — INR, Functional & Tensor Representations",Low-Rank Tensor Function Representation for Multi-Dimensional Data Recovery,Generic foundation/survey paper; not a direct continuous remote-sensing/geoscience application.
"Foundations — INR, Functional & Tensor Representations",MINER: Multiscale Implicit Neural Representation,Generic foundation/survey paper; not a direct continuous remote-sensing/geoscience application.
"Foundations — INR, Functional & Tensor Representations",Multiplicative Filter Networks,Generic foundation/survey paper; not a direct continuous remote-sensing/geoscience application.
Foundations — Continuous 3D Scene Representations,NeRF: Representing Scenes as Neural Radiance Fields for View Synthesis,Generic foundation/survey paper; not a direct continuous remote-sensing/geoscience application.
"Foundations — INR, Functional & Tensor Representations",NeRV: Neural Representations for Videos,Generic foundation/survey paper; not a direct continuous remote-sensing/geoscience application.
"Foundations — INR, Functional & Tensor Representations",Neural Experts: Mixture of Experts for Implicit Neural Representations,Generic foundation/survey paper; not a direct continuous remote-sensing/geoscience application.
"Foundations — INR, Functional & Tensor Representations",Neural Fields as Distributions: Signal Processing Beyond Euclidean Space,Generic foundation/survey paper; not a direct continuous remote-sensing/geoscience application.
"Foundations — INR, Functional & Tensor Representations",Nonparametric Teaching of Implicit Neural Representations,Generic foundation/survey paper; not a direct continuous remote-sensing/geoscience application.
Foundations — Continuous 3D Scene Representations,Occupancy Networks: Learning 3D Reconstruction in Function Space,Generic foundation/survey paper; not a direct continuous remote-sensing/geoscience application.
"Foundations — INR, Functional & Tensor Representations",PIN: Prolate Spheroidal Wave Function-Based Implicit Neural Representations,Generic foundation/survey paper; not a direct continuous remote-sensing/geoscience application.
Foundations — Continuous 3D Scene Representations,PlenOctrees for Real-time Rendering of Neural Radiance Fields,Generic foundation/survey paper; not a direct continuous remote-sensing/geoscience application.
Foundations — Continuous 3D Scene Representations,Plenoxels: Radiance Fields without Neural Networks,Generic foundation/survey paper; not a direct continuous remote-sensing/geoscience application.
"Foundations — INR, Functional & Tensor Representations",Preconditioners for the Stochastic Training of Neural Fields,Generic foundation/survey paper; not a direct continuous remote-sensing/geoscience application.
"Foundations — INR, Functional & Tensor Representations",Revisiting Nonlocal Self-Similarity from Continuous Representation,Generic foundation/survey paper; not a direct continuous remote-sensing/geoscience application.
Gaussian Splatting & Explicit Continuous 3D Fields,Satellite-GS: Enhanced 2D Gaussian Splatting for Robust Satellite Reconstruction,Satellite-object reconstruction / space situational awareness; outside Earth-observation scope.
"Foundations — INR, Functional & Tensor Representations",Signal Processing for Implicit Neural Representations,Generic foundation/survey paper; not a direct continuous remote-sensing/geoscience application.
Gaussian Splatting & Explicit Continuous 3D Fields,Splatting SA: Direct Rendering of Synthetic Aperture Imagery,Synthetic-aperture boundary paper not retained in the strict Earth-observation core.
Spectral & Spatial-Spectral Continuous Modeling,Super-Resolution for Hyperspectral and Multispectral Image Fusion Accounting for Seasonal Spectral Variability,"Remote-sensing baseline/context paper, but continuity is not the central representation/modeling mechanism."
"Foundations — INR, Functional & Tensor Representations",Superpixel-Informed Implicit Neural Representation for Multi-Dimensional Data,Generic foundation/survey paper; not a direct continuous remote-sensing/geoscience application.
Foundations — Continuous 3D Scene Representations,Tensorial Radiance Fields,Generic foundation/survey paper; not a direct continuous remote-sensing/geoscience application.
"Foundations — INR, Functional & Tensor Representations",Transformers as Meta-Learners for Implicit Neural Representations,Generic foundation/survey paper; not a direct continuous remote-sensing/geoscience application.
Spectral & Spatial-Spectral Continuous Modeling,Unsupervised and Unregistered Hyperspectral Image Super-Resolution With Mutual Dirichlet-Net,"Remote-sensing baseline/context paper, but continuity is not the central representation/modeling mechanism."
"Foundations — INR, Functional & Tensor Representations",WIRE: Wavelet Implicit Neural Representations,Generic foundation/survey paper; not a direct continuous remote-sensing/geoscience application.
Continuous Physical & Geophysical Fields,Height-Aware Fourier Neural Operator for Near-Space Short-Term Wind Field Prediction: A Systematic Neural Operator Benchmark,"Removed by paper-level continuity audit: current evidence supports fixed-grid wind forecasting with an FNO architecture, but does not establish arbitrary-coordinate querying, discretization transfer, or another continuity mechanism as a central contribution."
Continuous Physical & Geophysical Fields,A Feature Enhanced Autoencoder Integrated With Fourier Neural Operator for Intelligent Elastic Wavefield Modeling,"Removed by paper-level continuity audit: FNO is used inside a feature-enhanced wavefield predictor, but the audited evidence does not establish function-space/discretization behavior as a central methodological contribution."
Spectral & Spatial-Spectral Continuous Modeling,NODiff: Neural Operator Diffusion for Multispectral Image Fusion,"Removed by paper-level continuity audit: neural operator is primarily used as an efficient diffusion denoising backbone; the audited paper does not establish continuous querying, discretization invariance, or an explicit continuous field/function target as central."
"Critical / Negative Evidence","Performance and Efficiency of Climate In Situ Data Reconstruction: Why Optimized IDW Outperforms Kriging and Implicit Neural Representation","Moved out of the counted core by paper-level scope audit: experiments use ECA&D in-situ meteorological station observations rather than a direct remote-sensing/EO product. Preserved separately in data/context_negative_evidence.csv as useful counter-evidence about INR versus classical interpolation."
