category,title,year,venue,paper_url,code_url,quality_gate,quality_evidence
Spatial & Terrain Continuous Fields,OFTNet: Omni-Feature and Texture-Aware Enhancement Learning Network for Continuous Remote Sensing Image Super-Resolution,2026,IEEE TGRS,https://doi.org/10.1109/TGRS.2026.3686838,,Journal — CAS 1 / JCR Q1,https://www.ablesci.com/journal/detail?id=5EBZBD
Spatial & Terrain Continuous Fields,Structure-Aware Coarse-to-Fine Upsampling Network for Arbitrary-Scale Super-Resolution of Remote Sensing Images,2026,Engineering Applications of Artificial Intelligence,https://doi.org/10.1016/j.engappai.2025.113046,,Journal — CAS 1 / JCR Q1,https://www.ablesci.com/journal/detail?id=pP3GOr
Spatial & Terrain Continuous Fields,TADSR: Texture-Aware Dynamic Gaussian Splatting for Continuous-Scale Remote Sensing Image Super-Resolution,2026,Optics & Laser Technology,https://doi.org/10.1016/j.optlastec.2026.115812,,Journal — CAS 2 / JCR Q1,https://www.ablesci.com/journal/detail?id=52a9Xp
Spatial & Terrain Continuous Fields,AnyTSR++: Prompt-Oriented Any-Scale Thermal Super-Resolution for Unmanned Aerial Vehicle,2025,IEEE TGRS,https://doi.org/10.1109/TGRS.2025.3630597,https://github.com/vision4robotics/AnyTSRpp,Journal — CAS 1 / JCR Q1,https://www.ablesci.com/journal/detail?id=5EBZBD
Spatial & Terrain Continuous Fields,Binary Lightweight Neural Networks for Arbitrary Scale Super-Resolution of Remote Sensing Images,2025,IEEE TGRS,https://doi.org/10.1109/TGRS.2025.3529696,,Journal — CAS 1 / JCR Q1,https://www.ablesci.com/journal/detail?id=5EBZBD
Spatial & Terrain Continuous Fields,"Latent Diffusion, Implicit Amplification: Efficient Continuous-Scale Super-Resolution for Remote Sensing Images",2025,IEEE TGRS,https://doi.org/10.1109/TGRS.2025.3571290,https://github.com/MoooJianG/LDCSR,Journal — CAS 1 / JCR Q1,https://www.ablesci.com/journal/detail?id=5EBZBD
Spatial & Terrain Continuous Fields,A Continuous Digital Elevation Representation Model for DEM Super-Resolution,2024,ISPRS JPRS,https://www.sciencedirect.com/science/article/pii/S0924271624000017,,Journal — CAS 1 / JCR Q1,https://www.ablesci.com/journal/detail?id=pBMMQr
Spatial & Terrain Continuous Fields,MWLN: Multilevel Wavelet Learning Network for Continuous-Scale Remote-Sensing Image Super-Resolution,2024,IEEE GRSL,https://doi.org/10.1109/LGRS.2023.3339517,,Journal — JCR Q1 (best category),https://www.ablesci.com/journal/detail?id=5j2q45
Spatial & Terrain Continuous Fields,Continuous Remote Sensing Image Super-Resolution Based on Context Interaction in Implicit Function Space,2023,IEEE TGRS,https://arxiv.org/abs/2302.08046,https://github.com/KyanChen/FunSR,Journal — CAS 1 / JCR Q1,https://www.ablesci.com/journal/detail?id=5EBZBD
Spatial & Terrain Continuous Fields,Learning Dynamic Scale Awareness and Global Implicit Functions for Continuous-Scale Super-Resolution of Remote Sensing Images,2023,IEEE TGRS,https://ieeexplore.ieee.org/document/10026827/,https://github.com/hanlinwu/SADN,Journal — CAS 1 / JCR Q1,https://www.ablesci.com/journal/detail?id=5EBZBD
Spatial & Terrain Continuous Fields,Lightweight Stepless Super-Resolution of Remote Sensing Images via Saliency-Aware Dynamic Routing Strategy,2023,IEEE TGRS,https://doi.org/10.1109/TGRS.2023.3236624,https://github.com/hanlinwu/SalDRN,Journal — CAS 1 / JCR Q1,https://www.ablesci.com/journal/detail?id=5EBZBD
Spatial & Terrain Continuous Fields,Hierarchical Feature Aggregation and Self-Learning Network for Remote Sensing Image Continuous-Scale Super-Resolution,2022,IEEE GRSL,https://doi.org/10.1109/LGRS.2021.3122985,,Journal — JCR Q1 (best category),https://www.ablesci.com/journal/detail?id=5j2q45
Spatial & Terrain Continuous Fields,A Unified Network for Arbitrary Scale Super-Resolution of Video Satellite Images,2021,IEEE TGRS,https://doi.org/10.1109/TGRS.2020.3038653,,Journal — CAS 1 / JCR Q1,https://www.ablesci.com/journal/detail?id=5EBZBD
Satellite Video & Spatiotemporal EO,Neural Operator-Based Continuous Tensor Representation for Thick Cloud Removal in Multiresolution Remote Sensing Images,2026,IEEE TGRS,https://doi.org/10.1109/TGRS.2026.3731463,,Journal — CAS 1 / JCR Q1,https://www.ablesci.com/journal/detail?id=5EBZBD
Satellite Video & Spatiotemporal EO,Satellite Video Continuous Space-Time Super-Resolution via Mask-Based Temporal-Aware Warping and Cross-Level Frequency Integration,2026,IEEE TGRS,https://doi.org/10.1109/TGRS.2026.3666370,,Journal — CAS 1 / JCR Q1,https://www.ablesci.com/journal/detail?id=5EBZBD
Satellite Video & Spatiotemporal EO,Seamless Daily XCO2 Mapping Across China with Transformer and Geo Implicit Neural Representation,2026,IEEE TGRS,https://doi.org/10.1109/TGRS.2026.3732466,https://github.com/luojhello/oco_mapping,Journal — CAS 1 / JCR Q1,https://www.ablesci.com/journal/detail?id=5EBZBD
Satellite Video & Spatiotemporal EO,TAIS-Net: Time adaptive implicit sampling diffusion model for arbitrary-scale UAV video super-resolution,2026,ISPRS JPRS,https://doi.org/10.1016/j.isprsjprs.2026.04.060,https://github.com/cyber-lwk/TAIS-Net,Journal — CAS 1 / JCR Q1,https://www.ablesci.com/journal/detail?id=pBMMQr
Satellite Video & Spatiotemporal EO,A Unified Sentinel-2 Imagery Thick Cloud Removal and Rescaling Framework From a Continuous Perspective,2025,IEEE TGRS,https://doi.org/10.1109/TGRS.2025.3609321,,Journal — CAS 1 / JCR Q1,https://www.ablesci.com/journal/detail?id=5EBZBD
Satellite Video & Spatiotemporal EO,Hazy Low-Quality Satellite Video Restoration Via Learning Optimal Joint Degradation Patterns and Continuous-Scale Super-Resolution Reconstruction,2025,CVPR,https://openaccess.thecvf.com/content/CVPR2025/html/Ni_Hazy_Low-Quality_Satellite_Video_Restoration_Via_Learning_Optimal_Joint_Degradation_CVPR_2025_paper.html,,Conference — CCF-A Full/Regular,https://www.ccf.org.cn/Academic_Evaluation/AI/
Satellite Video & Spatiotemporal EO,Streamlined Multilayer Perceptron for Contaminated Time Series Reconstruction: A Case Study in Coastal Zones of Southern China,2025,ISPRS JPRS,https://www.sciencedirect.com/science/article/abs/pii/S0924271625000401,,Journal — CAS 1 / JCR Q1,https://www.ablesci.com/journal/detail?id=pBMMQr
Satellite Video & Spatiotemporal EO,Deformable Convolution Alignment and Dynamic Scale-Aware Network for Continuous-Scale Satellite Video Super-Resolution,2024,IEEE TGRS,https://doi.org/10.1109/TGRS.2024.3366550,https://github.com/chongningni/CSVSR,Journal — CAS 1 / JCR Q1,https://www.ablesci.com/journal/detail?id=5EBZBD
Spectral & Spatial–Spectral Continuous Fields,Arbitrary-Scale Fusion Operator for High-Resolution Hyperspectral Imaging,2026,IEEE Transactions on Multimedia,https://doi.org/10.1109/TMM.2026.3655472,,Journal — CAS 1 / JCR Q1,https://www.ablesci.com/journal/detail?id=52AdWp
Spectral & Spatial–Spectral Continuous Fields,Arbitrary-scale spatial-spectral fusion using kernel integral and progressive resampling,2026,Information Fusion,https://doi.org/10.1016/j.inffus.2026.104143,https://github.com/weili419/SFNO,Journal — CAS 1 / JCR Q1,https://www.ablesci.com/journal/detail?id=DlZBEp
Spectral & Spatial–Spectral Continuous Fields,DCMArb: Decoupled-Collaborative Mamba for Arbitrary-scale Hyperspectral Super-resolution,2026,ISPRS JPRS,https://doi.org/10.1016/j.isprsjprs.2026.06.009,https://github.com/wangswhu/DCMArb,Journal — CAS 1 / JCR Q1,https://www.ablesci.com/journal/detail?id=pBMMQr
Spectral & Spatial–Spectral Continuous Fields,MGINR-WGAN: A Multiscale Guided Implicit Neural Representation Wasserstein GAN for Hyperspectral and Multispectral Image Fusion,2026,IEEE JSTARS,https://doi.org/10.1109/JSTARS.2026.3697374,https://github.com/zhangyanxa/MGINR-WGAN,Journal — CAS 2 / JCR Q1,https://www.iikx.com/sci/earthscience/12970.html
Spectral & Spatial–Spectral Continuous Fields,NODiff: Neural Operator Diffusion for Multispectral Image Fusion,2026,AAAI,https://doi.org/10.1609/aaai.v40i6.42477,,Conference — CCF-A Full/Regular,https://www.ccf.org.cn/Academic_Evaluation/AI/
Spectral & Spatial–Spectral Continuous Fields,Solving Spatial-Spectral Fusion with Latent Spectral Operators,2026,ICML,https://proceedings.mlr.press/v306/li26en.html,https://github.com/weili419/LSO,Conference — CCF-A Full/Regular,https://www.ccf.org.cn/Academic_Evaluation/AI/
Spectral & Spatial–Spectral Continuous Fields,Spatial-Spectral Residuals Informed Diffusion Neural Operator for Pan-sharpening,2026,CVPR,https://openaccess.thecvf.com/content/CVPR2026/html/Huang_Spatial-Spectral_Residuals_Informed_Diffusion_Neural_Operator_for_Pan-sharpening_CVPR_2026_paper.html,,Conference — CCF-A Full/Regular,https://www.ccf.org.cn/Academic_Evaluation/AI/
Spectral & Spatial–Spectral Continuous Fields,A spatial-frequency dual-domain implicit guidance method for hyperspectral and multispectral remote sensing image fusion based on Kolmogorov–Arnold Network,2025,Information Fusion,https://doi.org/10.1016/j.inffus.2025.103261,https://github.com/chunyuzhu/SFIGNet,Journal — CAS 1 / JCR Q1,https://www.ablesci.com/journal/detail?id=DlZBEp
Spectral & Spatial–Spectral Continuous Fields,Arbitrary-scale Fusion Neural Operator,2025,ACM MM,https://doi.org/10.1145/3746027.3755312,,Conference — CCF-A Regular,https://www.ccf.org.cn/Academic_Evaluation/CGAndMT/zgjsjxhtjgjxshy/al/2017-03-17/588341.shtml
Spectral & Spatial–Spectral Continuous Fields,Continuous Tensor Representation for Hyperspectral Anomaly Detection,2025,IEEE TGRS,https://doi.org/10.1109/TGRS.2025.3593391,https://github.com/Weihao-Wu/CBAR,Journal — CAS 1 / JCR Q1,https://www.ablesci.com/journal/detail?id=5EBZBD
Spectral & Spatial–Spectral Continuous Fields,Mamba Collaborative Implicit Neural Representation for Hyperspectral and Multispectral Remote Sensing Image Fusion,2025,IEEE TGRS,https://doi.org/10.1109/TGRS.2025.3537638,https://github.com/chunyuzhu/MCIFNet,Journal — CAS 1 / JCR Q1,https://www.ablesci.com/journal/detail?id=5EBZBD
Spectral & Spatial–Spectral Continuous Fields,Meta-Collaborative Learning for Arbitrarily Scaled Hyperspectral Image Super-Resolution,2025,IEEE TGRS,https://doi.org/10.1109/TGRS.2025.3544253,https://github.com/ShuangWu-XDU/MCArb_HSI_SR,Journal — CAS 1 / JCR Q1,https://www.ablesci.com/journal/detail?id=5EBZBD
Spectral & Spatial–Spectral Continuous Fields,OTIAS: OcTree Implicit Adaptive Sampling for Multispectral and Hyperspectral Image Fusion,2025,AAAI,https://ojs.aaai.org/index.php/AAAI/article/view/32275,https://github.com/shangqideng/OTIAS,Conference — CCF-A Full/Regular,https://www.ccf.org.cn/Academic_Evaluation/AI/
Spectral & Spatial–Spectral Continuous Fields,Physics-informed Neural Operator for Pansharpening,2025,NeurIPS,https://proceedings.neurips.cc/paper_files/paper/2025/hash/89af8e4eb696738f2c9e589522968a09-Abstract-Conference.html,https://github.com/ez4lionky/PINO,Conference — CCF-A Full/Regular,https://www.ccf.org.cn/Academic_Evaluation/AI/
Spectral & Spatial–Spectral Continuous Fields,An Implicit Transformer-based Fusion Method for Hyperspectral and Multispectral Remote Sensing Image,2024,Int. J. Applied Earth Observation and Geoinformation,https://doi.org/10.1016/j.jag.2024.103955,,Journal — CAS 1 / JCR Q1,https://www.ablesci.com/journal/detail?id=r7R3BD
Spectral & Spatial–Spectral Continuous Fields,Arbitrary-Scale Hyperspectral Image Super-Resolution From a Fusion Perspective With Spatial Priors,2024,IEEE TGRS,https://doi.org/10.1109/TGRS.2024.3481041,,Journal — CAS 1 / JCR Q1,https://www.ablesci.com/journal/detail?id=5EBZBD
Spectral & Spatial–Spectral Continuous Fields,Fourier-Enhanced Implicit Neural Fusion Network for Multispectral and Hyperspectral Image Fusion,2024,NeurIPS,https://mlanthology.org/neurips/2024/liang2024neurips-fourierenhanced/,https://github.com/294coder/Efficient-MIF,Conference — CCF-A Full/Regular,https://www.ccf.org.cn/Academic_Evaluation/AI/
Spectral & Spatial–Spectral Continuous Fields,INF³: Implicit Neural Feature Fusion Function for Multispectral and Hyperspectral Image Fusion,2024,IEEE Transactions on Computational Imaging,https://doi.org/10.1109/TCI.2024.3488569,,Journal — CAS 2,https://www.ablesci.com/journal/detail?id=5KAndr
Spectral & Spatial–Spectral Continuous Fields,Nonnegative Matrix Functional Factorization for Hyperspectral Unmixing With Nonuniform Spectral Sampling,2024,IEEE TGRS,https://doi.org/10.1109/TGRS.2023.3347414,,Journal — CAS 1 / JCR Q1,https://www.ablesci.com/journal/detail?id=5EBZBD
Spectral & Spatial–Spectral Continuous Fields,Progressive High-Frequency Reconstruction for Pan-Sharpening with Implicit Neural Representation,2024,AAAI,https://ojs.aaai.org/index.php/AAAI/article/view/28214,,Conference — CCF-A Full/Regular,https://www.ccf.org.cn/Academic_Evaluation/AI/
Spectral & Spatial–Spectral Continuous Fields,Spectral-Wise Implicit Neural Representation for Hyperspectral Image Reconstruction,2024,IEEE TCSVT,https://doi.org/10.1109/TCSVT.2023.3318366,,Journal — CAS 1 / JCR Q1,https://www.ablesci.com/journal/detail?id=5yNyVD
Spectral & Spatial–Spectral Continuous Fields,An adaptive multi-perceptual implicit sampling for hyperspectral and multispectral remote sensing image fusion,2023,Int. J. Applied Earth Observation and Geoinformation,https://doi.org/10.1016/j.jag.2023.103560,https://github.com/chunyuzhu/AMGSGAN,Journal — CAS 1 / JCR Q1,https://www.ablesci.com/journal/detail?id=r7R3BD
Spectral & Spatial–Spectral Continuous Fields,Implicit Neural Representation Learning for Hyperspectral Image Super-Resolution,2023,IEEE TGRS,https://doi.org/10.1109/TGRS.2022.3230204,https://github.com/kaviezhang/INR-HSISR,Journal — CAS 1 / JCR Q1,https://www.ablesci.com/journal/detail?id=5EBZBD
Spectral & Spatial–Spectral Continuous Fields,QIS-GAN: A Lightweight Adversarial Network With Quadtree Implicit Sampling for Multispectral and Hyperspectral Image Fusion,2023,IEEE TGRS,https://doi.org/10.1109/TGRS.2023.3332176,https://github.com/chunyuzhu/QIS-GAN,Journal — CAS 1 / JCR Q1,https://www.ablesci.com/journal/detail?id=5EBZBD
Spectral & Spatial–Spectral Continuous Fields,SS-INR: Spatial-Spectral Implicit Neural Representation Network for Hyperspectral and Multispectral Image Fusion,2023,IEEE TGRS,https://doi.org/10.1109/TGRS.2023.3317413,https://github.com/wxy11-27/SS-INR,Journal — CAS 1 / JCR Q1,https://www.ablesci.com/journal/detail?id=5EBZBD
Continuous Physical & Geophysical Fields,A continuous implicit neural representation framework with gradient regularization for sea surface height reconstruction from satellite altimetry,2026,Geoscientific Model Development,https://doi.org/10.5194/gmd-19-7349-2026,https://doi.org/10.5281/zenodo.21232682,Journal — CAS 2 / JCR Q1,https://www.ablesci.com/journal/detail?id=pqOkAD
Continuous Physical & Geophysical Fields,A Generalized Eikonal Solver Using Operator Learning,2026,IEEE TGRS,https://doi.org/10.1109/TGRS.2026.3674885,,Journal — CAS 1 / JCR Q1,https://www.ablesci.com/journal/detail?id=5EBZBD
Continuous Physical & Geophysical Fields,Adaptive SIREN-PINN With Principled Initialization: A Frequency-Aware and Singularity-Robust Framework for Solver-Free Acoustic Seismic Wave Modeling,2026,IEEE TGRS,https://doi.org/10.1109/TGRS.2026.3655956,,Journal — CAS 1 / JCR Q1,https://www.ablesci.com/journal/detail?id=5EBZBD
Continuous Physical & Geophysical Fields,EFKAN: A KAN-Integrated Neural Operator for Efficient Magnetotelluric Forward Modeling,2026,Computers & Geosciences,https://doi.org/10.1016/j.cageo.2025.106052,https://github.com/linfengyu77/EFKAN,Journal — CAS 2 / JCR Q1 (best category),https://www.ablesci.com/journal/detail?id=DaBBLr
Continuous Physical & Geophysical Fields,Enhancing Frequency Response in Implicit Full Waveform Inversion via Fourier Encoding,2026,IEEE TGRS,https://doi.org/10.1109/TGRS.2026.3684378,,Journal — CAS 1 / JCR Q1,https://www.ablesci.com/journal/detail?id=5EBZBD
Continuous Physical & Geophysical Fields,Height-Aware Fourier Neural Operator for Near-Space Short-Term Wind Field Prediction: A Systematic Neural Operator Benchmark,2026,IEEE TGRS,https://doi.org/10.1109/TGRS.2026.3724650,,Journal — CAS 1 / JCR Q1,https://www.ablesci.com/journal/detail?id=5EBZBD
Continuous Physical & Geophysical Fields,Implicit full waveform inversion with adaptive Fourier frequency bases learning,2026,Geophysical Journal International,https://doi.org/10.1093/gji/ggaf404,,Journal — CAS 2,https://www.ablesci.com/journal/detail?id=r0zMW5
Continuous Physical & Geophysical Fields,Implicit Neural Representations for 3D Gravity Inversion,2026,Computers & Geosciences,https://doi.org/10.1016/j.cageo.2025.106082,,Journal — CAS 2 / JCR Q1 (best category),https://www.ablesci.com/journal/detail?id=DaBBLr
Continuous Physical & Geophysical Fields,Least-squares-embedded optimization for accelerated convergence of PINNs in high-frequency acoustic wavefield simulations,2026,Computers & Geosciences,https://doi.org/10.1016/j.cageo.2026.106162,,Journal — CAS 2 / JCR Q1 (best category),https://www.ablesci.com/journal/detail?id=DaBBLr
Continuous Physical & Geophysical Fields,M-SSIM-3DIFWI: 3-D Implicit Full Waveform Inversion Based on the Multiscale Structural Similarity,2026,IEEE TGRS,https://doi.org/10.1109/TGRS.2026.3704938,,Journal — CAS 1 / JCR Q1,https://www.ablesci.com/journal/detail?id=5EBZBD
Continuous Physical & Geophysical Fields,Microseismic monitoring with the quake neural operator,2026,Nature Communications,https://doi.org/10.1038/s41467-026-73965-6,https://zenodo.org/records/20072888,Journal — CAS 1 / JCR Q1,https://www.ablesci.com/journal/detail?id=pB7xG5
Continuous Physical & Geophysical Fields,Rapid 2-D Magnetotelluric Forward Modeling via Automatic Differentiation Fourier Neural Operator With Gradient Supervision,2026,IEEE TGRS,https://doi.org/10.1109/TGRS.2026.3701700,,Journal — CAS 1 / JCR Q1,https://www.ablesci.com/journal/detail?id=5EBZBD
Continuous Physical & Geophysical Fields,"Reversible Deep Operator Network for Grid-Independent, Multi-Scale Magnetotelluric Inversion and Uncertainty Quantification",2026,JGR: Solid Earth,https://doi.org/10.1029/2025JB033046,,Journal — CAS 2 / JCR Q1,https://www.ablesci.com/journal/detail?id=5KAvLr
Continuous Physical & Geophysical Fields,Spatiotemporal Implicit Neural Representation for Ionospheric Tomography With Multi-LEO Occultation Data,2026,IEEE TGRS,https://doi.org/10.1109/TGRS.2026.3667515,,Journal — CAS 1 / JCR Q1,https://www.ablesci.com/journal/detail?id=5EBZBD
Continuous Physical & Geophysical Fields,Three-dimensional inversion of gravity data using implicit neural representations and scientific machine learning,2026,Scientific Reports,https://doi.org/10.1038/s41598-026-55960-5,https://zenodo.org/records/19440024,Journal — JCR Q1,https://www.ablesci.com/journal/detail?id=rAXQeD
Continuous Physical & Geophysical Fields,Unveiling the Mechanism of Continuous Representation Full-Waveform Inversion: A Wave-Based Neural Tangent Kernel Framework,2026,ICLR,https://proceedings.iclr.cc/paper_files/paper/2026/hash/c89f09849eb5af489abb122394ff0f0b-Abstract-Conference.html,,Conference — CCF-A Full/Regular,https://www.ccf.org.cn/Academic_Evaluation/By_category/2026-03-31/870181.shtml
Continuous Physical & Geophysical Fields,A Feature Enhanced Autoencoder Integrated With Fourier Neural Operator for Intelligent Elastic Wavefield Modeling,2025,IEEE TGRS,https://doi.org/10.1109/TGRS.2025.3542082,,Journal — CAS 1 / JCR Q1,https://www.ablesci.com/journal/detail?id=5EBZBD
Continuous Physical & Geophysical Fields,Bayesian seismic inversion with implicit neural representations,2025,Geophysical Journal International,https://doi.org/10.1093/gji/ggaf249,https://github.com/DeepWave-KAUST/B-IntraSeismic-pub,Journal — CAS 2,https://www.ablesci.com/journal/detail?id=r0zMW5
Continuous Physical & Geophysical Fields,Full-Waveform Inversion With Velocity Model Low-Rank Implicit Neural Representation,2025,IEEE TGRS,https://doi.org/10.1109/TGRS.2025.3594184,,Journal — CAS 1 / JCR Q1,https://www.ablesci.com/journal/detail?id=5EBZBD
Continuous Physical & Geophysical Fields,Implicit multiparameter full waveform inversion of multioffset ground penetrating radar data,2025,Geophysical Journal International,https://doi.org/10.1093/gji/ggae420,,Journal — CAS 2,https://www.ablesci.com/journal/detail?id=r0zMW5
Continuous Physical & Geophysical Fields,Implicit neural representation for potential field geophysics,2025,Scientific Reports,https://doi.org/10.1038/s41598-024-83979-z,,Journal — JCR Q1,https://www.ablesci.com/journal/detail?id=rAXQeD
Continuous Physical & Geophysical Fields,Microseismic Source Localization Using Fourier Neural Operator With Application to Field Data From Utah FORGE,2025,IEEE TGRS,https://doi.org/10.1109/TGRS.2025.3533635,,Journal — CAS 1 / JCR Q1,https://www.ablesci.com/journal/detail?id=5EBZBD
Continuous Physical & Geophysical Fields,Physics-Informed Waveform Inversion Using Pretrained Wavefield Neural Operators,2025,IEEE TGRS,https://doi.org/10.1109/TGRS.2025.3624025,,Journal — CAS 1 / JCR Q1,https://www.ablesci.com/journal/detail?id=5EBZBD
Continuous Physical & Geophysical Fields,5-D Seismic Data Interpolation by Continuous Representation,2024,IEEE TGRS,https://ieeexplore.ieee.org/document/10604902/,,Journal — CAS 1 / JCR Q1,https://www.ablesci.com/journal/detail?id=5EBZBD
Continuous Physical & Geophysical Fields,Fully Convolutional Network-Enhanced DeepONet-Based Surrogate of Predicting the Travel-Time Fields,2024,IEEE TGRS,https://doi.org/10.1109/TGRS.2024.3401196,https://github.com/ismyif/fc-deeponet,Journal — CAS 1 / JCR Q1,https://www.ablesci.com/journal/detail?id=5EBZBD
Continuous Physical & Geophysical Fields,Global 4-D Ionospheric STEC Prediction Based on DeepONet for GNSS Rays,2024,IEEE TGRS,https://doi.org/10.1109/TGRS.2024.3422150,,Journal — CAS 1 / JCR Q1,https://www.ablesci.com/journal/detail?id=5EBZBD
Continuous Physical & Geophysical Fields,Physics-Informed Robust and Implicit Full Waveform Inversion Without Prior and Low-Frequency Information,2024,IEEE TGRS,https://doi.org/10.1109/TGRS.2024.3416547,,Journal — CAS 1 / JCR Q1,https://www.ablesci.com/journal/detail?id=5EBZBD
Continuous Physical & Geophysical Fields,PINN-Based Seismic Wavefield Simulation With Learnable Multiscale Fourier Feature Mapping and Adaptive Activation Function,2024,IEEE GRSL,https://doi.org/10.1109/LGRS.2024.3485908,,Journal — JCR Q1 (best category),https://www.ablesci.com/journal/detail?id=5j2q45
Continuous Physical & Geophysical Fields,Seismic Traveltime Simulation for Variable Velocity Models Using Physics-Informed Fourier Neural Operator,2024,IEEE TGRS,https://doi.org/10.1109/TGRS.2024.3457949,,Journal — CAS 1 / JCR Q1,https://www.ablesci.com/journal/detail?id=5EBZBD
Continuous Physical & Geophysical Fields,Transfer Learning Fourier Neural Operator for Solving Parametric Frequency-Domain Wave Equations,2024,IEEE TGRS,https://doi.org/10.1109/TGRS.2024.3440199,,Journal — CAS 1 / JCR Q1,https://www.ablesci.com/journal/detail?id=5EBZBD
Continuous Physical & Geophysical Fields,Implicit Seismic Full Waveform Inversion With Deep Neural Representation,2023,JGR: Solid Earth,https://doi.org/10.1029/2022JB025964,https://doi.org/10.5281/zenodo.7262564,Journal — CAS 2 / JCR Q1,https://www.ablesci.com/journal/detail?id=5KAvLr
Continuous Physical & Geophysical Fields,Multilayer Perceptron and Bayesian Neural Network-Based Elastic Implicit Full Waveform Inversion,2023,IEEE TGRS,https://doi.org/10.1109/TGRS.2023.3265657,,Journal — CAS 1 / JCR Q1,https://www.ablesci.com/journal/detail?id=5EBZBD
Continuous Physical & Geophysical Fields,Rapid Seismic Waveform Modeling and Inversion With Neural Operators,2023,IEEE TGRS,https://doi.org/10.1109/TGRS.2023.3264210,,Journal — CAS 1 / JCR Q1,https://www.ablesci.com/journal/detail?id=5EBZBD
Continuous Physical & Geophysical Fields,Solving Seismic Wave Equations on Variable Velocity Models With Fourier Neural Operator,2023,IEEE TGRS,https://doi.org/10.1109/TGRS.2023.3333663,,Journal — CAS 1 / JCR Q1,https://www.ablesci.com/journal/detail?id=5EBZBD
Continuous Physical & Geophysical Fields,Rapid Surrogate Modeling of Electromagnetic Data in Frequency Domain Using Neural Operator,2022,IEEE TGRS,https://doi.org/10.1109/TGRS.2022.3222507,,Journal — CAS 1 / JCR Q1,https://www.ablesci.com/journal/detail?id=5EBZBD
"NeRF, Radiance & Implicit Surface Fields",Depth and Geometry Regularization for Neural Implicit Reconstruction From Few-View Satellite Images,2026,IEEE TGRS,https://doi.org/10.1109/TGRS.2026.3699879,https://github.com/Ljy0109/DGR-NeRF,Journal — CAS 1 / JCR Q1,https://www.ablesci.com/journal/detail?id=5EBZBD
"NeRF, Radiance & Implicit Surface Fields",Accurate and complete neural implicit surface reconstruction in street scenes using images and LiDAR point clouds,2025,ISPRS JPRS,https://doi.org/10.1016/j.isprsjprs.2024.12.012,https://github.com/SCH1001/StreetRecon,Journal — CAS 1 / JCR Q1,https://www.ablesci.com/journal/detail?id=pBMMQr
"NeRF, Radiance & Implicit Surface Fields",Cross-sensor adaptive semantic segmentation for mobile laser scanning point clouds based on continuous potential scene surface reconstruction,2025,ISPRS JPRS,https://doi.org/10.1016/j.isprsjprs.2025.07.021,https://github.com/PCsFJNU/CrossSensorAdaptiveSemanticSeg,Journal — CAS 1 / JCR Q1,https://www.ablesci.com/journal/detail?id=pBMMQr
"NeRF, Radiance & Implicit Surface Fields",NeRF-LAI: A Hybrid Method Combining Neural Radiance Field and Gap-Fraction Theory for Deriving Effective Leaf Area Index of Corn and Soybean Using Multi-Angle UAV Images,2025,Remote Sensing of Environment,https://www.sciencedirect.com/science/article/abs/pii/S0034425725002482,,Journal — CAS 1 / JCR Q1,https://www.ablesci.com/journal/detail?id=5jdnjr
"NeRF, Radiance & Implicit Surface Fields",RDS-NeRF: Residual and Depth Supervision Neural Radiance Field for Multiscene 3-D Reconstruction of Satellite Images,2025,IEEE TGRS,https://doi.org/10.1109/TGRS.2025.3636144,,Journal — CAS 1 / JCR Q1,https://www.ablesci.com/journal/detail?id=5EBZBD
"NeRF, Radiance & Implicit Surface Fields",FVMD-ISRe: 3-D Reconstruction From Few-View Multidate Satellite Images Based on the Implicit Surface Representation of Neural Radiance Fields,2024,IEEE TGRS,https://doi.org/10.1109/TGRS.2024.3399786,https://github.com/HEU-super-generalized-remote-sensing/FVMD-ISRe,Journal — CAS 1 / JCR Q1,https://www.ablesci.com/journal/detail?id=5EBZBD
"NeRF, Radiance & Implicit Surface Fields",LiDeNeRF: Neural Radiance Field Reconstruction with Depth Prior Provided by LiDAR Point Cloud,2024,ISPRS JPRS,https://www.sciencedirect.com/science/article/pii/S0924271624000261,,Journal — CAS 1 / JCR Q1,https://www.ablesci.com/journal/detail?id=pBMMQr
"NeRF, Radiance & Implicit Surface Fields",PriNeRF: Prior Constrained Neural Radiance Field for Robust Novel View Synthesis of Urban Scenes with Fewer Views,2024,ISPRS JPRS,https://www.sciencedirect.com/science/article/pii/S092427162400282X,https://github.com/Dongber/PriNeRF,Journal — CAS 1 / JCR Q1,https://www.ablesci.com/journal/detail?id=pBMMQr
"NeRF, Radiance & Implicit Surface Fields",rpcPRF: Generalizable MPI Neural Radiance Field for Satellite Camera With Single and Sparse Views,2024,IEEE TGRS,https://ieeexplore.ieee.org/document/10480403/,,Journal — CAS 1 / JCR Q1,https://www.ablesci.com/journal/detail?id=5EBZBD
"NeRF, Radiance & Implicit Surface Fields",SatensoRF: Fast Satellite Tensorial Radiance Field for Multidate Satellite Imagery of Large Size,2024,IEEE TGRS,https://doi.org/10.1109/TGRS.2024.3382632,,Journal — CAS 1 / JCR Q1,https://www.ablesci.com/journal/detail?id=5EBZBD
"NeRF, Radiance & Implicit Surface Fields",UAV-ENeRF: Text-Driven UAV Scene Editing With Neural Radiance Fields,2024,IEEE TGRS,https://doi.org/10.1109/TGRS.2024.3379649,,Journal — CAS 1 / JCR Q1,https://www.ablesci.com/journal/detail?id=5EBZBD
Gaussian Splatting & Explicit Continuous Primitives,A Differentiable Method for Novel View SAR Image Generation via 3D Gaussian Splatting,2026,ISPRS JPRS,https://www.sciencedirect.com/science/article/abs/pii/S0924271625004204,,Journal — CAS 1 / JCR Q1,https://www.ablesci.com/journal/detail?id=pBMMQr
Gaussian Splatting & Explicit Continuous Primitives,AeroGS: Scale-Aware Gaussian Splatting for Pose-Free Dynamic UAV Scene Reconstruction,2026,CVPR,https://openaccess.thecvf.com/content/CVPR2026/html/Li_AeroGS_Scale-Aware_Gaussian_Splatting_for_Pose-Free_Dynamic_UAV_Scene_Reconstruction_CVPR_2026_paper.html,,Conference — CCF-A Full/Regular,https://www.ccf.org.cn/Academic_Evaluation/AI/
Gaussian Splatting & Explicit Continuous Primitives,ARSGaussian: 3D Gaussian Splatting with LiDAR for aerial remote sensing novel view synthesis,2026,ISPRS JPRS,https://doi.org/10.1016/j.isprsjprs.2025.10.022,https://github.com/WenjuanZhang-aircas/ARSGaussian,Journal — CAS 1 / JCR Q1,https://www.ablesci.com/journal/detail?id=pBMMQr
Gaussian Splatting & Explicit Continuous Primitives,Efficient Incremental Large-Scale Orthophoto Generation via 3-D Gaussian Splatting SLAM,2026,IEEE TGRS,https://doi.org/10.1109/TGRS.2026.3710516,,Journal — CAS 1 / JCR Q1,https://www.ablesci.com/journal/detail?id=5EBZBD
Gaussian Splatting & Explicit Continuous Primitives,GaussianCraft: Fine-grained 3D Gaussians for efficient large-scene surface reconstruction,2026,ISPRS JPRS,https://doi.org/10.1016/j.isprsjprs.2026.03.020,,Journal — CAS 1 / JCR Q1,https://www.ablesci.com/journal/detail?id=pBMMQr
Gaussian Splatting & Explicit Continuous Primitives,GeoGS: Geometric Prior-Guided Gaussian Splatting for Robust Urban Reconstruction from Sparse Views,2026,ISPRS JPRS,https://www.sciencedirect.com/science/article/pii/S0924271626003588,,Journal — CAS 1 / JCR Q1,https://www.ablesci.com/journal/detail?id=pBMMQr
Gaussian Splatting & Explicit Continuous Primitives,GU-GS: Gaussian Splatting-Based Geometry Refinement and Uncertainty-Aware Learning Method for DSM Generation From Satellite Imagery,2026,IEEE TGRS,https://doi.org/10.1109/TGRS.2026.3671346,https://github.com/thessshy/GU-GS,Journal — CAS 1 / JCR Q1,https://www.ablesci.com/journal/detail?id=5EBZBD
Gaussian Splatting & Explicit Continuous Primitives,LDI-3DGS: Structurally Robust 3-D Gaussian Splatting Driven by UAV-Borne LiDAR Depth and Intensity Priors,2026,IEEE TGRS,https://doi.org/10.1109/TGRS.2026.3727449,,Journal — CAS 1 / JCR Q1,https://www.ablesci.com/journal/detail?id=5EBZBD
Gaussian Splatting & Explicit Continuous Primitives,SA-GS: Season-Aware Affine 3D Gaussian Splatting for Satellite Image Rendering,2026,ISPRS JPRS,https://www.sciencedirect.com/science/article/pii/S0924271626001905,https://github.com/CosyXu/SA-GS,Journal — CAS 1 / JCR Q1,https://www.ablesci.com/journal/detail?id=pBMMQr
Gaussian Splatting & Explicit Continuous Primitives,Tortho–SatGS: A 3-D Gaussian Splatting-Based Method for True Orthophoto Generation From Multiview Satellite Imagery,2026,IEEE TGRS,https://doi.org/10.1109/TGRS.2026.3707311,,Journal — CAS 1 / JCR Q1,https://www.ablesci.com/journal/detail?id=5EBZBD
Gaussian Splatting & Explicit Continuous Primitives,Urban-GS: A Unified 3D Gaussian Splatting Framework for Compact and High-Fidelity Aerial-to-Street Reconstruction,2026,CVPR,https://openaccess.thecvf.com/content/CVPR2026/html/Wang_Urban-GS_A_Unified_3D_Gaussian_Splatting_Framework_for_Compact_and_CVPR_2026_paper.html,https://github.com/wangm-buaa/Urban-GS,Conference — CCF-A Full/Regular,https://www.ccf.org.cn/Academic_Evaluation/AI/
Gaussian Splatting & Explicit Continuous Primitives,Gaussian Splatting for Efficient Satellite Image Photogrammetry,2025,CVPR,https://openaccess.thecvf.com/content/CVPR2025/html/Aira_Gaussian_Splatting_for_Efficient_Satellite_Image_Photogrammetry_CVPR_2025_paper.html,https://mezzelfo.github.io/EOGS/,Conference — CCF-A Full/Regular,https://www.ccf.org.cn/Academic_Evaluation/AI/
Gaussian Splatting & Explicit Continuous Primitives,Horizon-GS: Unified 3D Gaussian Splatting for Large-Scale Aerial-to-Ground Scenes,2025,CVPR,https://openaccess.thecvf.com/content/CVPR2025/html/Jiang_Horizon-GS_Unified_3D_Gaussian_Splatting_for_Large-Scale_Aerial-to-Ground_Scenes_CVPR_2025_paper.html,,Conference — CCF-A Full/Regular,https://www.ccf.org.cn/Academic_Evaluation/AI/
Gaussian Splatting & Explicit Continuous Primitives,SAR-GS: Gaussian Splatting-Based SAR Image Rendering and Target Reconstruction,2025,IEEE TGRS,https://doi.org/10.1109/TGRS.2025.3639636,,Journal — CAS 1 / JCR Q1,https://www.ablesci.com/journal/detail?id=5EBZBD
Gaussian Splatting & Explicit Continuous Primitives,"SpectralGaussians: Semantic, Spectral 3D Gaussian Splatting for Multi-Spectral Scene Representation, Visualization and Analysis",2025,ISPRS JPRS,https://www.sciencedirect.com/science/article/pii/S0924271625002345,,Journal — CAS 1 / JCR Q1,https://www.ablesci.com/journal/detail?id=pBMMQr
Gaussian Splatting & Explicit Continuous Primitives,ULSR-GS: Urban Large-Scale Surface Reconstruction Gaussian Splatting with Multi-View Geometric Consistency,2025,ISPRS JPRS,https://www.sciencedirect.com/science/article/pii/S092427162500396X,https://ulsrgs.github.io,Journal — CAS 1 / JCR Q1,https://www.ablesci.com/journal/detail?id=pBMMQr
"Continuous Feature Fields, Detection & GeoAI",GAIR: Location-Aware Self-Supervised Contrastive Pre-Training with Geo-Aligned Implicit Representations,2026,ISPRS JPRS,https://www.sciencedirect.com/science/article/pii/S092427162600208X,,Journal — CAS 1 / JCR Q1,https://www.ablesci.com/journal/detail?id=pBMMQr
"Continuous Feature Fields, Detection & GeoAI",NeRI: Implicit Neural Representation for Infrared Small Target Detection,2025,IEEE TGRS,https://doi.org/10.1109/TGRS.2025.3633281,,Journal — CAS 1 / JCR Q1,https://www.ablesci.com/journal/detail?id=5EBZBD
Critical / Negative Evidence,Performance and Efficiency of Climate In Situ Data Reconstruction: Why Optimized IDW Outperforms Kriging and Implicit Neural Representation,2026,IEEE TGRS,https://doi.org/10.1109/TGRS.2026.3701545,,Journal — CAS 1 / JCR Q1,https://www.ablesci.com/journal/detail?id=5EBZBD
