category,title,year,venue,continuity_variable,representation_family,what_is_continuous,why_continuous_remote_sensing,scope_decision,evidence_level,evidence_url,notes
"Spatial & Terrain Continuous Fields","OFTNet: Omni-Feature and Texture-Aware Enhancement Learning Network for Continuous Remote Sensing Image Super-Resolution",2026,"IEEE TGRS","spatial scale / output resolution","continuous-scale SR","The target spatial magnification/resolution is treated as continuously variable rather than as a small fixed set of integer scales; one model is intended to reconstruct RSIs across continuously changing output scales.","The paper is explicitly formulated as continuous-scale super-resolution for remote-sensing imagery, so continuity is part of the task and model design rather than background terminology.","PASS","paper abstract","https://doi.org/10.1109/TGRS.2026.3686838","Keep as continuous-scale SR; do not describe it as a generic continuous spatial field without stronger full-text evidence."
"Spatial & Terrain Continuous Fields","Structure-Aware Coarse-to-Fine Upsampling Network for Arbitrary-Scale Super-Resolution of Remote Sensing Images",2026,"Engineering Applications of Artificial Intelligence","2-D query coordinates + scale","implicit / coordinate-based arbitrary-scale SR","The method learns a mapping from coordinate-domain latent codes to spatial-domain RGB values and is queried at arbitrary scaling factors.","The continuous coordinate decoder is used directly to reconstruct remote-sensing images at arbitrary scales; removing the coordinate-based arbitrary-scale mechanism would change the core method.","PASS","paper abstract","https://doi.org/10.1016/j.engappai.2025.113046","Strong coordinate-domain evidence."
"Spatial & Terrain Continuous Fields","TADSR: Texture-Aware Dynamic Gaussian Splatting for Continuous-Scale Remote Sensing Image Super-Resolution",2026,"Optics & Laser Technology","2-D spatial coordinates + output scale","2-D Gaussian splatting","The underlying RSI is modeled as a spatially continuous signal represented with 2-D Gaussian primitives that can be evaluated for arbitrary target scales; Gaussian centers can move off the regular image grid.","The continuous Gaussian scene/image representation is the reconstruction mechanism for remote-sensing super-resolution and is specifically adapted to RSI texture heterogeneity and non-grid-aligned geographic boundaries.","PASS","full-text/extended abstract","https://doi.org/10.1016/j.optlastec.2026.115812","Strongest evidence in this batch: the paper explicitly contrasts discrete sampling with continuous Gaussian representations."
"Spatial & Terrain Continuous Fields","AnyTSR++: Prompt-Oriented Any-Scale Thermal Super-Resolution for Unmanned Aerial Vehicle",2025,"IEEE TGRS","horizontal/vertical spatial scale + coordinate offsets","any-scale coordinate-aware upsampling","The requested spatial scaling factors can vary continuously, including asymmetric scaling along different directions; the upsampler uses coordinate-offset information rather than a fixed integer-scale head.","The method targets UAV thermal remote-sensing imagery and the any-scale coordinate-aware upsampler is central to generating thermal images at arbitrary requested resolutions.","PASS","paper abstract + official project","https://doi.org/10.1109/TGRS.2025.3630597","Classify as continuous-scale thermal RSI, not as a generic INR unless the final text explicitly uses that label."
"Spatial & Terrain Continuous Fields","Binary Lightweight Neural Networks for Arbitrary Scale Super-Resolution of Remote Sensing Images",2025,"IEEE TGRS","spatial scale","binary continuous upsampling","A binary continuous up-sampling module enables the same lightweight model to generate remote-sensing SR outputs at arbitrary scale factors rather than only pre-defined fixed scales.","Continuity is operationally required by the arbitrary-scale RSI SR objective and implemented by the continuous upsampling module; it is not merely an efficiency paper using a fixed-grid SR head.","PASS","paper abstract","https://doi.org/10.1109/TGRS.2025.3529696","Retain, but describe continuity specifically as arbitrary-scale reconstruction."
"Spatial & Terrain Continuous Fields","Latent Diffusion, Implicit Amplification: Efficient Continuous-Scale Super-Resolution for Remote Sensing Images",2025,"IEEE TGRS","spatial scale","continuous-scale upsampling inside latent-diffusion SR","The model supports non-integer and continuously varying magnification factors through a continuous-scale upsampling module in the reconstruction decoder.","The diffusion model is designed specifically for remote-sensing SR, and the continuous-scale reconstruction branch removes the fixed-integer-scale restriction of conventional diffusion SR.","PASS","paper abstract","https://doi.org/10.1109/TGRS.2025.3571290","Continuity belongs to the reconstruction scale; diffusion itself is not the reason for inclusion."
"Spatial & Terrain Continuous Fields","A Continuous Digital Elevation Representation Model for DEM Super-Resolution",2024,"ISPRS JPRS","2-D geographic position (x,y) -> elevation z","coordinate-based continuous terrain field","Terrain elevation is represented as a continuous function of geographic position, allowing height values to be queried at arbitrary positions instead of only at raster DEM grid cells.","This is directly a remote-sensing/photogrammetric terrain representation problem: the learned continuous elevation field removes raster discretization limits and supports multi-scale DEM super-resolution.","PASS","paper abstract","https://doi.org/10.1016/j.isprsjprs.2024.01.001","Canonical example of a true continuous geospatial field, stronger than merely continuous-scale SR."
"Spatial & Terrain Continuous Fields","MWLN: Multilevel Wavelet Learning Network for Continuous-Scale Remote-Sensing Image Super-Resolution",2024,"IEEE GRSL","spatial scale","continuous-scale SR with wavelet features","The requested magnification factor is continuous/arbitrary rather than restricted to a fixed set of integer scales; one network is trained for continuous-scale RSI SR.","The method is formulated around continuous-scale reconstruction of remote-sensing images, so the continuous scale is a core task variable rather than an auxiliary augmentation.","PASS","paper abstract","https://doi.org/10.1109/LGRS.2023.3339517","Full-text mechanism should still be captured later for a stronger representation-level description."
"Spatial & Terrain Continuous Fields","Continuous Remote Sensing Image Super-Resolution Based on Context Interaction in Implicit Function Space",2023,"IEEE TGRS","2-D output coordinates + scale","implicit function / coordinate decoder","The model constructs pixel-wise implicit functions and evaluates a parser at requested coordinates, mapping coordinates and attributes to RGB values across continuous magnifications.","The implicit coordinate-to-radiance/intensity mapping is the actual remote-sensing SR decoder; arbitrary magnification is achieved by querying this function rather than selecting a fixed upsampling head.","PASS","paper abstract/preprint","https://arxiv.org/abs/2302.08046","Strong INR evidence."
"Spatial & Terrain Continuous Fields","Learning Dynamic Scale Awareness and Global Implicit Functions for Continuous-Scale Super-Resolution of Remote Sensing Images",2023,"IEEE TGRS","2-D arbitrary coordinates + spatial scale","global implicit function","The continuous-scale upsampling module builds multi-resolution feature spaces that approximate a continuous image representation, and the global implicit function maps arbitrary coordinates to pixel values.","The coordinate-queryable implicit function is the core mechanism for continuous-scale remote-sensing image reconstruction and is coupled to scale-aware feature extraction tailored to RSI textures.","PASS","IEEE abstract","https://doi.org/10.1109/TGRS.2023.3240254","Strong coordinate-based continuity evidence."
"Spatial & Terrain Continuous Fields","Lightweight Stepless Super-Resolution of Remote Sensing Images via Saliency-Aware Dynamic Routing Strategy",2023,"IEEE TGRS","spatial scale / output coordinates","implicit feature function","The stepless upsampling module uses an implicit feature function to map low-resolution features to high-resolution outputs at arbitrary potential scale factors.","The remote-sensing SR method explicitly removes fixed integer-scale constraints; the implicit upsampling function is essential to the stepless reconstruction objective, while dynamic routing addresses efficiency.","PASS","paper abstract/preprint","https://doi.org/10.1109/TGRS.2023.3236624","Continuity is supplied by the implicit upsampling module, not by the saliency-aware routing."
"Spatial & Terrain Continuous Fields","Hierarchical Feature Aggregation and Self-Learning Network for Remote Sensing Image Continuous-Scale Super-Resolution",2022,"IEEE GRSL","spatial scale","dynamic/self-learning continuous-scale upsampling","A single model supports arbitrary integer and non-integer scale factors; its self-learning upscaling structure dynamically predicts upsampling filters rather than using one fixed-scale reconstruction head.","The arbitrary-scale variable is intrinsic to the RSI SR task, and the learned upscaling mechanism is specifically designed to realize continuous-scale remote-sensing reconstruction.","PASS","paper abstract","https://doi.org/10.1109/LGRS.2021.3122985","Continuous-scale by dynamic upsampling, not necessarily an INR."
"Spatial & Terrain Continuous Fields","A Unified Network for Arbitrary Scale Super-Resolution of Video Satellite Images",2021,"IEEE TGRS","spatial magnification scale","arbitrary-scale satellite-video SR","The zoom/magnification factor is allowed to vary arbitrarily instead of being restricted to several integer scales, with one unified model serving the scale continuum.","The method directly targets video satellite imagery and makes arbitrary-scale spatial reconstruction a central capability; the paper would revert to a conventional fixed-scale satellite SR method if this mechanism were removed.","PASS","paper abstract","https://doi.org/10.1109/TGRS.2020.3038653","Early continuous-scale satellite-video work; distinguish arbitrary-scale output from continuous temporal modeling."
Continuous Physical & Geophysical Fields,A continuous implicit neural representation framework with gradient regularization for sea surface height reconstruction from satellite altimetry,2026,Geoscientific Model Development,longitude/latitude (or horizontal space) + time -> SSH,spatiotemporal INR / SIREN,SSH is explicitly represented as a continuous differentiable function of space and time learned from sparse along-track altimetry samples.,The continuous space-time field is the reconstruction target for satellite altimetry gaps and supports arbitrary-coordinate querying and spatial derivatives; removing the INR would remove the central reconstruction mechanism.,PASS,publisher full text,https://doi.org/10.5194/gmd-19-7349-2026,Canonical CRS example: direct continuous Earth-observation field reconstruction.
Continuous Physical & Geophysical Fields,A Generalized Eikonal Solver Using Operator Learning,2026,IEEE TGRS,velocity/traveltime input fields + source location -> traveltime field,Fourier-DeepONet neural operator,"The learned object is an operator that maps velocity/background-traveltime functions and source configurations to a traveltime field, generalizing to unseen velocity models and source locations.","Traveltime is a geophysical field used in seismic migration/tomography, and function-to-function generalization is the method's central mechanism rather than an incidental network choice.",PASS,publisher/author abstract,https://doi.org/10.1109/TGRS.2026.3674885,Operator-learning inclusion; not merely because FNO/DeepONet names appear.
Continuous Physical & Geophysical Fields,Adaptive SIREN-PINN With Principled Initialization: A Frequency-Aware and Singularity-Robust Framework for Solver-Free Acoustic Seismic Wave Modeling,2026,IEEE TGRS,spatial coordinates -> acoustic wavefield,coordinate PINN / SIREN,A sinusoidal coordinate network represents the seismic wavefield as a differentiable function of spatial coordinates and solves the governing wave equation through physics-informed residuals.,"The continuous coordinate-to-wavefield representation is the actual PDE solution in a seismic modeling task, not a fixed-grid post-processing module.",PASS,paper abstract/method description,https://doi.org/10.1109/TGRS.2026.3655956,PINN is retained because the wavefield itself is coordinate represented; generic PINN use alone would not be sufficient.
Continuous Physical & Geophysical Fields,EFKAN: A KAN-Integrated Neural Operator for Efficient Magnetotelluric Forward Modeling,2026,Computers & Geosciences,"survey location + frequency, conditioned on resistivity field -> MT response",FNO branch + KAN trunk neural operator,The operator can evaluate apparent resistivity/phase or EM responses at arbitrary requested locations and frequencies from an input resistivity model.,Arbitrary location/frequency querying is directly useful for irregular MT acquisition and makes the operator a continuous-query geophysical forward model.,PASS,publisher abstract + official code,https://doi.org/10.1016/j.cageo.2025.106052,Strong operator case: arbitrary frequencies/locations are explicitly claimed.
Continuous Physical & Geophysical Fields,Enhancing Frequency Response in Implicit Full Waveform Inversion via Fourier Encoding,2026,IEEE TGRS,spatial coordinates -> subsurface velocity/parameter field,Fourier-encoded INR for IFWI,The subsurface model is reparameterized by a coordinate-based implicit neural function; Fourier encoding changes the spectral basis used by that continuous representation.,The continuous subsurface parameterization is the inversion variable in seismic FWI and the paper's contribution explicitly modifies how that INR represents spatial frequencies.,PASS,paper abstract/extended summary,https://doi.org/10.1109/TGRS.2026.3684378,"Continuity comes from the IFWI coordinate representation, not from Fourier encoding by itself."
Continuous Physical & Geophysical Fields,Height-Aware Fourier Neural Operator for Near-Space Short-Term Wind Field Prediction: A Systematic Neural Operator Benchmark,2026,IEEE TGRS,none established beyond fixed-grid wind tensors,height-aware FNO forecasting,"The paper predicts wind fields on six prescribed altitude levels from MERRA-2 and introduces altitude-specific spectral weights, but the audited abstract does not establish arbitrary-coordinate querying, discretization transfer, or another explicit continuous representation.","This is remote-sensing-informed atmospheric forecasting, but under the repository's strict CRS gate the evidence supports a fixed-grid neural forecasting model more strongly than a continuous representation/operator contribution.",FAIL,publisher abstract,https://doi.org/10.1109/TGRS.2026.3724650,Remove from main CRS list unless full text demonstrates explicit function-space/discretization behavior beyond using FNO layers.
Continuous Physical & Geophysical Fields,Implicit full waveform inversion with adaptive Fourier frequency bases learning,2026,Geophysical Journal International,2-D spatial coordinates -> velocity field,coordinate INR / Fourier-reparameterized IFWI,The method explicitly uses coordinate-based INRs in which a spatial coordinate is mapped to the corresponding velocity; adaptive Fourier bases alter the frequency content learned by this continuous model.,"The coordinate-to-velocity function is the actual parameterization optimized by seismic FWI, so continuity is inseparable from the proposed inversion method.",PASS,publisher full text,https://doi.org/10.1093/gji/ggaf404,Strong full-text evidence includes coordinate input x and velocity output y.
Continuous Physical & Geophysical Fields,Implicit Neural Representations for 3D Gravity Inversion,2026,Computers & Geosciences,3-D spatial coordinates -> density,coordinate INR / physics-driven inversion,The network directly maps spatial coordinates to a continuous subsurface density field rather than assigning independent voxel parameters.,Gravity inversion is a geophysical sensing inverse problem and the continuous density field is the recovered physical object constrained by measured gravity anomalies.,PASS,publisher abstract,https://doi.org/10.1016/j.cageo.2025.106082,Canonical coordinate-to-physical-field case.
Continuous Physical & Geophysical Fields,Least-squares-embedded optimization for accelerated convergence of PINNs in high-frequency acoustic wavefield simulations,2026,Computers & Geosciences,2-D spatial coordinates -> complex scattered wavefield,coordinate PINN,"The PINN maps coordinates (x,z) to the real and imaginary components of the scattered Helmholtz wavefield, with derivatives taken with respect to those continuous coordinates.",The learned continuous wavefield is the seismic forward solution itself; the paper improves optimization of this coordinate field rather than merely processing a discretized seismic image.,PASS,publisher full text,https://doi.org/10.1016/j.cageo.2026.106162,Retained because full text explicitly defines coordinate-to-wavefield mapping.
Continuous Physical & Geophysical Fields,M-SSIM-3DIFWI: 3-D Implicit Full Waveform Inversion Based on the Multiscale Structural Similarity,2026,IEEE TGRS,3-D spatial coordinates -> velocity field,3-D INR reparameterization for FWI,"The 3-D velocity model is reparameterized with an INR, yielding a compact continuous representation of subsurface velocity rather than independently optimized grid cells.",The continuous subsurface velocity representation is one of the core components of the proposed 3-D seismic FWI and is explicitly used for implicit regularization and continuity/smoothness.,PASS,author full text,https://doi.org/10.1109/TGRS.2026.3704938,Do not attribute continuity to M-SSIM; it comes from the INR velocity parameterization.
Continuous Physical & Geophysical Fields,Microseismic monitoring with the quake neural operator,2026,Nature Communications,continuous waveform function over time and station coordinates -> detection/location functions,multi-task neural operator,"QNO formulates the input as a waveform function f(t;x,y,z), works directly on continuous seismic streams, accommodates arbitrary network geometries, and learns spatial probability/location mappings.",The operator acts on geophysical waveform functions sampled by irregular seismic networks; geometry flexibility and function-level mapping are central to end-to-end microseismic monitoring.,PASS,publisher full text,https://doi.org/10.1038/s41467-026-73965-6,Continuity is not merely the phrase 'continuous data'; the stronger evidence is the function/operator formulation and arbitrary station geometry.
Continuous Physical & Geophysical Fields,Rapid 2-D Magnetotelluric Forward Modeling via Automatic Differentiation Fourier Neural Operator With Gradient Supervision,2026,IEEE TGRS,grid position + frequency conditioned on resistivity field -> EM response,FNO with sensitivity/gradient supervision,The trained forward model can predict electromagnetic fields at arbitrary grid positions and frequencies while learning the resistivity-to-response relationship.,Arbitrary spatial/frequency evaluation is directly tied to MT sensing geometry and makes the method a queryable geophysical field operator rather than a fixed output regressor.,PASS,IEEE abstract,https://doi.org/10.1109/TGRS.2026.3701700,Strong arbitrary-query evidence.
Continuous Physical & Geophysical Fields,"Reversible Deep Operator Network for Grid-Independent, Multi-Scale Magnetotelluric Inversion and Uncertainty Quantification",2026,JGR: Solid Earth,station position + frequency + survey scale; resistivity/response functions,reversible DeepONet,"RDON learns forward/inverse mappings between subsurface resistivity distributions and MT responses, explicitly supporting arbitrarily sparse observations, unseen station layouts, frequency ranges, and survey scales.","Grid independence and cross-scale generalization are explicit methodological goals for real MT observations, making this a strong continuous/operator remote-sensing case.",PASS,publisher full text,https://doi.org/10.1029/2025JB033046,One of the strongest neural-operator inclusions in the ledger.
Continuous Physical & Geophysical Fields,Spatiotemporal Implicit Neural Representation for Ionospheric Tomography With Multi-LEO Occultation Data,2026,IEEE TGRS,3-D space + time -> ionospheric electron-density/prior field,spatiotemporal INR + physics-informed tomography,ST-INR learns a high-fidelity spatiotemporal implicit ionospheric field from multi-LEO occultation data and supplies a continuous prior for tomography refinement.,The learned space-time field directly represents the sensed ionosphere and is fused with GNSS occultation/STEC measurements; continuity is central to the tomography prior.,PASS,paper abstract,https://doi.org/10.1109/TGRS.2026.3667515,Strong spatiotemporal-field case.
Continuous Physical & Geophysical Fields,Three-dimensional inversion of gravity data using implicit neural representations and scientific machine learning,2026,Scientific Reports,3-D spatial coordinates -> density,coordinate INR / physics-based gravity inversion,The method maps 3-D coordinates to a continuous density field without predefined meshes or cellwise parameters.,"The continuous field is the recovered geophysical quantity constrained by observed gravity data, so the INR is the inversion parameterization itself.",PASS,publisher full text,https://doi.org/10.1038/s41598-026-55960-5,Canonical mesh-free continuous inversion example.
Continuous Physical & Geophysical Fields,Unveiling the Mechanism of Continuous Representation Full-Waveform Inversion: A Wave-Based Neural Tangent Kernel Framework,2026,ICLR,spatial coordinates -> subsurface parameter field,continuous-representation FWI / INR + multiresolution grid,The paper explicitly studies continuous-representation FWI in which subsurface parameter models are represented with coordinate-based neural networks and analyzes their optimization dynamics.,"Continuous representation is the object of the theory and proposed hybrid method, applied directly to seismic FWI benchmarks.",PASS,conference paper abstract,https://proceedings.iclr.cc/paper_files/paper/2026/hash/c89f09849eb5af489abb122394ff0f0b-Abstract-Conference.html,Unambiguous core-CR paper.
Continuous Physical & Geophysical Fields,A Feature Enhanced Autoencoder Integrated With Fourier Neural Operator for Intelligent Elastic Wavefield Modeling,2025,IEEE TGRS,none established beyond discretized wavefield tensors,feature-enhanced FNO,"The audited paper uses FNO as a module inside a multiscale feature-extraction architecture for wavefield prediction, but does not establish arbitrary-coordinate output, mesh/discretization transfer, or another explicit continuous representation as a contribution.","Seismic wavefield modeling is geophysical, but the current evidence indicates the novelty is feature extraction/aggregation around an FNO on discretized data rather than continuity or operator discretization behavior.",FAIL,IEEE abstract,https://doi.org/10.1109/TGRS.2025.3542082,Remove under the strict operator-only rule unless stronger full-text evidence shows discretization-invariant/function-space behavior is experimentally central.
Continuous Physical & Geophysical Fields,Bayesian seismic inversion with implicit neural representations,2025,Geophysical Journal International,3-D spatial coordinates -> posterior distribution of subsurface properties,probabilistic INR,"The INR maps each subsurface coordinate to parameters of a local posterior distribution (e.g. mean/variance), yielding a coordinate-conditioned probabilistic field.",The representation is used to infer geophysical subsurface properties and uncertainty directly from seismic data; coordinate conditioning is fundamental to the Bayesian inversion parameterization.,PASS,publisher full text,https://doi.org/10.1093/gji/ggaf249,Strong probabilistic continuous-field case.
Continuous Physical & Geophysical Fields,Full-Waveform Inversion With Velocity Model Low-Rank Implicit Neural Representation,2025,IEEE TGRS,2-D spatial coordinates -> velocity,low-rank coordinate INR,"The velocity model is continuously parameterized by coordinate-based neural branches and a low-rank core, mapping coordinates to velocity values while encoding low-rank structure and smoothness.",The low-rank INR replaces the conventional grid-cell parameterization in seismic FWI and is the main mechanism behind compactness and implicit regularization.,PASS,author full text,https://doi.org/10.1109/TGRS.2025.3594184,Strong explicit coordinate equations in full text.
Continuous Physical & Geophysical Fields,Implicit multiparameter full waveform inversion of multioffset ground penetrating radar data,2025,Geophysical Journal International,spatial coordinates -> multiple subsurface EM parameters,multiparameter coordinate INR / IFWI,Multiple subsurface parameter models are represented by implicit continuous neural functions rather than independent discrete cells.,"The continuous parameterization is optimized against multioffset GPR waveforms, making the representation intrinsic to a geophysical/near-surface sensing inverse problem.",PASS,publisher full text,https://doi.org/10.1093/gji/ggae420,Strong continuous multiparameter inversion case.
Continuous Physical & Geophysical Fields,Implicit neural representation for potential field geophysics,2025,Scientific Reports,3-D coordinates -> magnetic/gravity potential-field value,coordinate MLP / INR,The method learns a potential-field function from scattered survey samples and can query values and analytical gradients at arbitrary coordinates in the learned continuous spatial domain.,"It directly reconstructs airborne/geophysical survey fields from irregular samples and preserves continuous-domain differentiation, exactly matching the CRS field-representation criterion.",PASS,publisher full text,https://doi.org/10.1038/s41598-024-83979-z,Canonical scattered-sample-to-continuous-field case.
Continuous Physical & Geophysical Fields,Microseismic Source Localization Using Fourier Neural Operator With Application to Field Data From Utah FORGE,2025,IEEE TGRS,seismic waveform/field input across acquisition geometry -> source location,resolution-invariant FNO,The paper explicitly aims for a resolution-invariant operator model for source localization that generalizes across seismic sampling resolution without retraining.,"Resolution invariance is a stated property of the geophysical localization operator and is validated on real Utah FORGE data, so the operator aspect is methodological rather than nominal.",PASS,author/institution abstract,https://doi.org/10.1109/TGRS.2025.3533635,Retain because resolution invariance is explicit.
Continuous Physical & Geophysical Fields,Physics-Informed Waveform Inversion Using Pretrained Wavefield Neural Operators,2025,IEEE TGRS,velocity field -> seismic wavefield,pretrained wavefield neural operator + physics-informed inversion,A pretrained neural operator replaces repeated wave-equation solves by mapping a velocity model field (with source/frequency conditions) to wavefield solutions used inside FWI.,The field-to-field operator is the computational core enabling differentiable geophysical inversion; the proposed physics constraint explicitly acts on the predicted continuous physical wavefield.,PASS,author manuscript/abstract,https://doi.org/10.1109/TGRS.2025.3624025,Operator is central to the inversion loop; not retained merely because FNO is mentioned.
Continuous Physical & Geophysical Fields,5-D Seismic Data Interpolation by Continuous Representation,2024,IEEE TGRS,5-D acquisition coordinates -> seismic amplitude,implicit seismic representation / coordinate MLP,"ISR takes seismic data coordinates as input and outputs amplitudes, allowing the trained function to be queried at missing coordinates and at desired resolution across a 5-D domain.",The method explicitly replaces discrete seismic acquisition samples with a continuous seismic-wavefield representation for interpolation of missing traces.,PASS,IEEE abstract,https://doi.org/10.1109/TGRS.2024.3431439,Canonical seismic coordinate representation.
Continuous Physical & Geophysical Fields,Fully Convolutional Network-Enhanced DeepONet-Based Surrogate of Predicting the Travel-Time Fields,2024,IEEE TGRS,velocity/source functions -> traveltime field,DeepONet with convolutional branch,The model learns a solution operator for eikonal traveltime fields across varying velocity models/sources rather than a single fixed simulation instance.,Traveltime is a continuous geophysical field and the operator surrogate is designed to generalize the velocity-to-traveltime mapping needed by seismic inverse workflows.,PASS,paper abstract + official code,https://doi.org/10.1109/TGRS.2024.3401196,Retain as operator-learning field surrogate; later full-text audit can record exact trunk query coordinates.
Continuous Physical & Geophysical Fields,Global 4-D Ionospheric STEC Prediction Based on DeepONet for GNSS Rays,2024,IEEE TGRS,ray geometry (space) + time -> STEC; input STEC function -> output function,DeepONet operator,DeepONet approximates an operator from an input STEC function to output STEC values for specified satellite-ground ray paths in 4-D space-time; the trunk side encodes the output function space.,The function/operator formulation is built around GNSS ionospheric sensing and supports prediction for specified rays rather than a single fixed raster output.,PASS,author full text,https://doi.org/10.1109/TGRS.2024.3422150,"Strong operator evidence from full text: branch encodes input function, trunk encodes output function space."
Continuous Physical & Geophysical Fields,Physics-Informed Robust and Implicit Full Waveform Inversion Without Prior and Low-Frequency Information,2024,IEEE TGRS,spatial coordinates -> subsurface parameter model,implicit FWI / coordinate neural representation,The method explicitly represents subsurface models as continuous implicit functions and optimizes that representation through waveform physics.,The continuous subsurface parameterization is the defining difference from conventional FWI and is used to reduce dependence on an initial model and missing low frequencies.,PASS,IEEE abstract,https://doi.org/10.1109/TGRS.2024.3416547,Unambiguous continuous-representation FWI.
Continuous Physical & Geophysical Fields,PINN-Based Seismic Wavefield Simulation With Learnable Multiscale Fourier Feature Mapping and Adaptive Activation Function,2024,IEEE GRSL,spatial coordinates -> Helmholtz wavefield,coordinate PINN with Fourier features,The PINN represents the wavefield as a differentiable coordinate function and augments coordinate features to capture higher-frequency spatial components.,The coordinate neural field is the seismic PDE solution itself; the proposed changes target how that continuous wavefield is represented and optimized.,PASS,author full text,https://doi.org/10.1109/LGRS.2024.3485908,"Keep as coordinate-field PINN, not as generic 'PINN therefore continuous'."
Continuous Physical & Geophysical Fields,Seismic Traveltime Simulation for Variable Velocity Models Using Physics-Informed Fourier Neural Operator,2024,IEEE TGRS,velocity/background-traveltime fields -> perturbation traveltime field,physics-informed FNO,PIFNO learns the operator from velocity and background traveltime fields to a perturbation traveltime field across variable models and multiple sources.,The function-to-function mapping solves an eikonal geophysical field problem and generalization across velocity models is central to the proposed seismic traveltime simulator.,PASS,paper abstract,https://doi.org/10.1109/TGRS.2024.3457949,"Operator inclusion is justified by the field-to-field PDE mapping, not FNO naming alone."
Continuous Physical & Geophysical Fields,Transfer Learning Fourier Neural Operator for Solving Parametric Frequency-Domain Wave Equations,2024,IEEE TGRS,parameter/velocity functions + source/frequency -> wavefield function,transfer-learning FNO,The paper explicitly frames FNO as an infinite-dimensional functional mapping from parameter space to state-variable space and adapts that operator across source locations/frequencies.,"The operator approximates geophysical frequency-domain wave-equation solution maps used in exploration, making function-space learning the core method.",PASS,paper abstract,https://doi.org/10.1109/TGRS.2024.3440199,Strong explicit functional-space evidence.
Continuous Physical & Geophysical Fields,Implicit Seismic Full Waveform Inversion With Deep Neural Representation,2023,JGR: Solid Earth,spatial coordinates -> subsurface physical parameters,deep neural representation / INR,The method replaces grid-based subsurface parameters with a continuously and implicitly defined neural function of coordinates.,The continuous subsurface representation is directly optimized against seismic observations and is the defining mechanism of IFWI.,PASS,publisher full text,https://doi.org/10.1029/2022JB025964,Foundational CRS-style seismic inversion paper.
Continuous Physical & Geophysical Fields,Multilayer Perceptron and Bayesian Neural Network-Based Elastic Implicit Full Waveform Inversion,2023,IEEE TGRS,spatial coordinates -> elastic model parameters/distributions,coordinate MLP/BNN implicit representation,The MLP or Bayesian neural network receives model-grid spatial positions and generates elastic property models (or their uncertainty distributions) used by the inversion.,Coordinate-based implicit parameterization replaces direct cellwise inversion in elastic seismic FWI and is essential to the proposed uncertainty-aware method.,PASS,author manuscript/abstract,https://doi.org/10.1109/TGRS.2023.3265657,Strong coordinate-input evidence.
Continuous Physical & Geophysical Fields,Rapid Seismic Waveform Modeling and Inversion With Neural Operators,2023,IEEE TGRS,velocity/source functions -> full elastic wavefield,U-shaped neural operator,The network learns a general solution operator for the 2-D elastic wave equation and is explicitly shown to work on mesh discretizations distinct from training.,Mesh/discretization generalization is experimentally central in a seismic field-to-field simulator used for modeling and inversion.,PASS,IEEE abstract,https://doi.org/10.1109/TGRS.2023.3264210,Strong neural-operator case because discretization transfer is explicit.
Continuous Physical & Geophysical Fields,Solving Seismic Wave Equations on Variable Velocity Models With Fourier Neural Operator,2023,IEEE TGRS,velocity field + source location/frequency -> seismic wavefield,FNO/PFNO solution operator,"FNO/PFNO learns the mapping from variable velocity-model functions and source/frequency conditions to frequency-domain seismic wavefields, explicitly motivated as nonlinear operator approximation between function spaces.","The operator solves a geophysical wave-equation family across many subsurface models, sources, and frequencies rather than fitting one fixed-grid observation.",PASS,IEEE abstract/introduction,https://doi.org/10.1109/TGRS.2023.3333663,Retain because operator/function-space formulation is explicit.
Continuous Physical & Geophysical Fields,Rapid Surrogate Modeling of Electromagnetic Data in Frequency Domain Using Neural Operator,2022,IEEE TGRS,site location + frequency conditioned on conductivity/resistivity field -> EM response,extended Fourier neural operator,EFNO predicts responses at arbitrary site locations and frequencies and explicitly exploits FNO discretization invariance for coarse-to-fine super-resolution transfer.,This is a magnetotelluric/geophysical sensing forward operator with explicit continuous-query and discretization-transfer behavior.,PASS,IEEE abstract,https://doi.org/10.1109/TGRS.2022.3222507,Very strong operator inclusion; arbitrary query and discretization invariance are both stated.
Gaussian Splatting & Explicit Continuous Primitives,A Differentiable Method for Novel View SAR Image Generation via 3D Gaussian Splatting,2026,ISPRS JPRS,3-D position + viewing direction -> SAR scattering/radiance contribution,3D Gaussian scene + spherical-harmonic scattering field,Target geometry and multi-view scattering contributions are represented by optimizable 3-D Gaussian distributions with view-dependent spherical-harmonic functions and rendered at new SAR viewing geometries.,The Gaussian primitives are the scene/scattering representation optimized from SAR observations; 3DGS is not merely a renderer wrapped around a separate scene model.,PASS,publisher full text,https://doi.org/10.1016/j.isprsjprs.2025.10.034,Strong explicit continuous primitive/scattering-field case.
Gaussian Splatting & Explicit Continuous Primitives,AeroGS: Scale-Aware Gaussian Splatting for Pose-Free Dynamic UAV Scene Reconstruction,2026,CVPR,3-D space + time + view,dynamic Gaussian scene with spatiotemporal anchors,The scene is represented by Gaussian primitives whose static geometry and temporal deformation are jointly optimized through scale-aware spatiotemporal anchors.,"The continuous spatiotemporal Gaussian scene is the reconstructed UAV environment and the paper's core mechanism for pose-free dynamic reconstruction, not an auxiliary rendering backend.",PASS,CVPR full paper,https://openaccess.thecvf.com/content/CVPR2026/html/Li_AeroGS_Scale-Aware_Gaussian_Splatting_for_Pose-Free_Dynamic_UAV_Scene_Reconstruction_CVPR_2026_paper.html,Dynamic CRS case: continuity is in 3-D space/time scene representation.
Gaussian Splatting & Explicit Continuous Primitives,ARSGaussian: 3D Gaussian Splatting with LiDAR for aerial remote sensing novel view synthesis,2026,ISPRS JPRS,3-D position + viewing direction,LiDAR-constrained 3D Gaussian scene,"Aerial scene geometry/appearance is encoded by 3-D Gaussians whose locations, scales, depth, normals and radiance are constrained by LiDAR and multiview imagery.",The Gaussian field itself is the aerial remote-sensing scene representation used for novel-view synthesis and geometric recovery.,PASS,publisher full text,https://doi.org/10.1016/j.isprsjprs.2025.10.022,Strong remote-sensing scene-representation case.
Gaussian Splatting & Explicit Continuous Primitives,Efficient Incremental Large-Scale Orthophoto Generation via 3-D Gaussian Splatting SLAM,2026,IEEE TGRS,3-D mapped scene + camera view -> orthophoto,incremental 3DGS-SLAM map,The aerial environment is maintained as an incrementally optimized Gaussian map and orthophotos are produced by rendering this map rather than by conventional image stitching.,"The paper explicitly reformulates UAV orthophoto generation as a Gaussian rendering-based mapping problem; the 3DGS map is the reconstructed geospatial representation, not a disposable renderer.",PASS,paper abstract,https://doi.org/10.1109/TGRS.2026.3710516,Retain: the Gaussian map is central to mapping/orthophoto generation.
Gaussian Splatting & Explicit Continuous Primitives,GaussianCraft: Fine-grained 3D Gaussians for efficient large-scene surface reconstruction,2026,ISPRS JPRS,3-D position/covariance -> scene surface and appearance,fine-grained Gaussian field,Large aerial scenes are represented by 3-D Gaussian fields initialized from multiview geometry and refined so Gaussian centers align with multiview-consistent physical surfaces.,"The Gaussian field is directly optimized as the large-scale aerial surface representation and evaluated for geometric reconstruction, beyond novel-view rendering alone.",PASS,publisher full text,https://doi.org/10.1016/j.isprsjprs.2026.03.020,Strong surface-reconstruction use of explicit continuous primitives.
Gaussian Splatting & Explicit Continuous Primitives,GeoGS: Geometric Prior-Guided Gaussian Splatting for Robust Urban Reconstruction from Sparse Views,2026,ISPRS JPRS,3-D georeferenced position + view,geometric-prior Gaussian scene,Gaussians are initialized on georeferenced LoD2 building surfaces and optimized with visual depth to represent urban geometry and appearance under sparse views.,"The continuous Gaussian scene is the reconstructed geospatial urban model; georeferenced priors modify the representation itself, so this is more than generic GS rendering.",PASS,publisher full text,https://doi.org/10.1016/j.isprsjprs.2026.07.011,Strong urban geospatial representation case.
Gaussian Splatting & Explicit Continuous Primitives,GU-GS: Gaussian Splatting-Based Geometry Refinement and Uncertainty-Aware Learning Method for DSM Generation From Satellite Imagery,2026,IEEE TGRS,3-D position/covariance/opacity -> satellite scene geometry,satellite 3D Gaussian primitive field,A compact set of Gaussian primitives represents the multi-temporal satellite scene; geometry refinement prunes and regularizes primitives to produce a consistent surface for DSM extraction.,"The Gaussian primitive set is the satellite-derived 3-D scene geometry from which the remote-sensing DSM is obtained, not merely a visualization layer.",PASS,paper abstract,https://doi.org/10.1109/TGRS.2026.3671346,Strong DSM/geometric-representation case.
Gaussian Splatting & Explicit Continuous Primitives,LDI-3DGS: Structurally Robust 3-D Gaussian Splatting Driven by UAV-Borne LiDAR Depth and Intensity Priors,2026,IEEE TGRS,3-D position + radiance/intensity,LiDAR-anchored Gaussian geometry/radiance field,Dense LiDAR depth anchors Gaussian primitives onto physical surfaces while LiDAR intensity regularizes a joint color-intensity radiance field.,The represented object is the UAV-mapped urban scene itself; depth/intensity priors directly shape the Gaussian geometry and radiance field used for 3-D reconstruction.,PASS,IEEE abstract,https://doi.org/10.1109/TGRS.2026.3727449,Explicit physical anchoring makes the continuous-scene role especially clear.
Gaussian Splatting & Explicit Continuous Primitives,SA-GS: Season-Aware Affine 3D Gaussian Splatting for Satellite Image Rendering,2026,ISPRS JPRS,3-D position + affine satellite view + season,season-conditioned affine Gaussian scene,"The satellite scene is encoded by 3-D Gaussian primitives and rendered through an affine camera formulation, with seasonal embeddings conditioning appearance across acquisition dates.",The Gaussian scene is directly fitted to line-array satellite observations and adapted to satellite imaging geometry/seasonal appearance; it is the Earth-observation scene representation.,PASS,publisher full text,https://doi.org/10.1016/j.isprsjprs.2026.04.018,"Retain: satellite-specific scene representation, not generic graphics usage."
Gaussian Splatting & Explicit Continuous Primitives,Tortho–SatGS: A 3-D Gaussian Splatting-Based Method for True Orthophoto Generation From Multiview Satellite Imagery,2026,IEEE TGRS,3-D scene position + satellite view -> orthorectified appearance,satellite 3D Gaussian scene,Multiview satellite imagery is fused into a 3-D Gaussian scene whose geometry and appearance can be rendered to generate true orthophotos with reduced occlusion/elevation artifacts.,The Gaussian scene replaces DEM/DSM-only image warping as the core multiview satellite representation used to form a geospatial remote-sensing product.,PASS,IEEE abstract,https://doi.org/10.1109/TGRS.2026.3707311,Representation is central to TDOM generation.
Gaussian Splatting & Explicit Continuous Primitives,Urban-GS: A Unified 3D Gaussian Splatting Framework for Compact and High-Fidelity Aerial-to-Street Reconstruction,2026,CVPR,3-D position + viewpoint across aerial/street domains,multiscale Gaussian urban scene,"Urban geometry and appearance across aerial and street perspectives are jointly encoded with Gaussian primitives whose densification, pruning and local optimization are adapted to cross-view scale imbalance.",The unified Gaussian representation is the reconstructed urban scene and supports large continuous viewpoint changes between aerial and street observations.,PASS,CVPR full paper,https://openaccess.thecvf.com/content/CVPR2026/html/Wang_Urban-GS_A_Unified_3D_Gaussian_Splatting_Framework_for_Compact_and_CVPR_2026_paper.html,Strong cross-view continuous scene representation.
Gaussian Splatting & Explicit Continuous Primitives,Gaussian Splatting for Efficient Satellite Image Photogrammetry,2025,CVPR,3-D Earth-surface geometry + view-dependent appearance,Earth-observation Gaussian scene,"Multidate satellite images are optimized into a Gaussian-splatting scene representation with remote-sensing radiometric/shadow modeling, enabling both novel-view rendering and DSM/altitude recovery.","The Gaussian representation is directly adapted to Earth-observation photogrammetry and is used to recover the Earth's 3-D surface, not merely to visualize an externally reconstructed model.",PASS,CVPR full paper,https://openaccess.thecvf.com/content/CVPR2025/html/Aira_Gaussian_Splatting_for_Efficient_Satellite_Image_Photogrammetry_CVPR_2025_paper.html,Canonical satellite GS paper.
Gaussian Splatting & Explicit Continuous Primitives,Horizon-GS: Unified 3D Gaussian Splatting for Large-Scale Aerial-to-Ground Scenes,2025,CVPR,3-D position + continuous aerial-to-ground viewpoint,unified Gaussian urban scene,A single Gaussian scene integrates aerial and street-view observations and supports free-view exploration across large horizontal and vertical viewpoint changes.,The Gaussian field is the joint urban scene representation learned from geospatial/aerial and ground imagery; cross-domain view synthesis depends on that representation.,PASS,CVPR full paper,https://openaccess.thecvf.com/content/CVPR2025/html/Jiang_Horizon-GS_Unified_3D_Gaussian_Splatting_for_Large-Scale_Aerial-to-Ground_Scenes_CVPR_2025_paper.html,"Retain as a geospatial scene field, although application scope also overlaps general vision."
Gaussian Splatting & Explicit Continuous Primitives,SAR-GS: Gaussian Splatting-Based SAR Image Rendering and Target Reconstruction,2025,IEEE TGRS,3-D position + SAR observation geometry -> scattering intensity,SAR-specific Gaussian scattering scene,Gaussian primitives jointly encode target geometry and scattering properties; a differentiable SAR rasterizer projects them under SAR imaging geometry and optimizes the primitive parameters from observed SAR images.,"The Gaussian primitives are explicitly the reconstructed SAR target/scattering scene, so GS is a physical sensing representation rather than a generic renderer.",PASS,IEEE abstract + author manuscript,https://doi.org/10.1109/TGRS.2025.3639636,Very strong CRS case because the primitives carry SAR scattering attributes.
Gaussian Splatting & Explicit Continuous Primitives,"SpectralGaussians: Semantic, Spectral 3D Gaussian Splatting for Multi-Spectral Scene Representation, Visualization and Analysis",2025,ISPRS JPRS,3-D position + viewing direction + spectral band,spectral 3D Gaussian field,"Registered multi-view spectral observations are fused into Gaussian splats carrying spectrum-specific reflectance/lighting and semantic attributes, creating a joint 3-D spectral scene representation.","The continuous primitives jointly represent scene geometry, appearance and spectral information from multispectral sensing; the representation itself is the paper's stated goal.",PASS,publisher full text,https://doi.org/10.1016/j.isprsjprs.2025.06.008,Canonical spectral-spatial Gaussian field.
Gaussian Splatting & Explicit Continuous Primitives,ULSR-GS: Urban Large-Scale Surface Reconstruction Gaussian Splatting with Multi-View Geometric Consistency,2025,ISPRS JPRS,3-D position/covariance -> urban surface,large-scale Gaussian surface field,The urban scene is partitioned into Gaussian subfields and optimized with multiview-guided densification plus depth/normal consistency so primitives converge to a coherent surface.,The primary output is a high-resolution aerial-photogrammetric surface reconstruction and the Gaussian primitives are the optimized geometric representation.,PASS,publisher full text,https://doi.org/10.1016/j.isprsjprs.2025.09.022,Strong geometric rather than rendering-only GS use.
Spectral & Spatial–Spectral Continuous Fields,Arbitrary-Scale Fusion Operator for High-Resolution Hyperspectral Imaging,2026,IEEE Transactions on Multimedia,spatial scale; HSI/MSI treated as degraded spectral functions,arbitrary-scale fusion operator,AFO treats low-resolution hyperspectral and high-resolution multispectral observations as degraded functions and learns an operator that can reconstruct high-resolution HSI across arbitrary unseen scale factors.,"The function/operator formulation is introduced specifically to remove one-model-per-scale hyperspectral fusion; cross-scale generalization is a central property, not an incidental architecture choice.",PASS,IEEE abstract + author summary,https://doi.org/10.1109/TMM.2026.3655472,"Continuous variable is primarily spatial scale/function domain, not necessarily continuous wavelength querying."
Spectral & Spatial–Spectral Continuous Fields,Arbitrary-scale spatial-spectral fusion using kernel integral and progressive resampling,2026,Information Fusion,spatial scale + image-function domain,spatial-spectral fusion neural operator,"SFNO embeds two degraded image functions and approximates a mapping between function spaces through Galerkin kernel integration with progressive domain resampling, enabling unseen magnification factors.",The paper explicitly frames HSI/MSI fusion as function-space operator learning and tests arbitrary-scale remote-sensing fusion without retraining.,PASS,publisher full text,https://doi.org/10.1016/j.inffus.2026.104143,Strong neural-operator case with explicit function-space mapping and scale transfer.
Spectral & Spatial–Spectral Continuous Fields,DCMArb: Decoupled-Collaborative Mamba for Arbitrary-scale Hyperspectral Super-resolution,2026,ISPRS JPRS,continuous spatial scale,INR + meta-learned scale-aware upsampler,"Its SMUB reconstruction block combines INR with meta-learning to map spatial-spectral priors into a continuous scale-space function, including non-integer scale factors.",The continuous-scale function is the reconstruction mechanism for arbitrary-scale hyperspectral remote-sensing SR; removing it collapses the method to fixed-scale SR.,PASS,publisher full text,https://doi.org/10.1016/j.isprsjprs.2026.06.009,Continuity is scale-space; spectral modeling is heterogeneous but not itself assumed smooth/continuous.
Spectral & Spatial–Spectral Continuous Fields,MGINR-WGAN: A Multiscale Guided Implicit Neural Representation Wasserstein GAN for Hyperspectral and Multispectral Image Fusion,2026,IEEE JSTARS,2-D spatial query coordinates -> hyperspectral vector,guided INR,"The generator predicts the target HRHSI at a query coordinate from neighboring LRHSI features, relative coordinate offsets, and HRMSI guidance, thereby defining a continuous coordinate-conditioned fusion function.",The INR is a core HSI/MSI fusion encoder/decoder that reconstructs remote-sensing spectra at target spatial coordinates; continuity is explicit in both the theory and equations.,PASS,IEEE full text,https://doi.org/10.1109/JSTARS.2026.3697374,Strong coordinate-level evidence.
Spectral & Spatial–Spectral Continuous Fields,NODiff: Neural Operator Diffusion for Multispectral Image Fusion,2026,AAAI,none established beyond discretized feature maps,neural-operator diffusion backbone,"The audited paper replaces an attention denoiser with a neural operator mainly to reduce diffusion cost and learn texture priors; the abstract/paper evidence inspected does not establish arbitrary-coordinate querying, discretization transfer, or an explicit continuous field/function-space target.","Pansharpening is a remote-sensing fusion task, but under the strict CRS gate a neural-operator layer used as an efficient denoising backbone is insufficient by itself.",FAIL,AAAI paper/abstract,https://doi.org/10.1609/aaai.v40i6.42477,Remove unless stronger evidence demonstrates that function-space/discretization behavior is itself evaluated and central.
Spectral & Spatial–Spectral Continuous Fields,Solving Spatial-Spectral Fusion with Latent Spectral Operators,2026,ICML,spectral functions / frequency basis; spatial scale transfer,latent spectral operator,LSO learns fusion mappings between spectral functions using a structured trigonometric basis operator and demonstrates transfer across different spatial scales.,"The method's central object is an operator between spectral functions for spatial-spectral image fusion, with explicit cross-scale transfer rather than a conventional fixed-grid fusion network.",PASS,ICML full paper,https://proceedings.mlr.press/v306/li26en.html,Strong spectral-function operator case; distinguish spectral-function representation from direct arbitrary-wavelength querying.
Spectral & Spatial–Spectral Continuous Fields,Spatial-Spectral Residuals Informed Diffusion Neural Operator for Pan-sharpening,2026,CVPR,spatial-spectral image functions,function-space diffusion neural operator,The paper explicitly formulates diffusion in function space and uses a Galerkin-type neural operator as the denoising map while enforcing spatial-spectral residual consistency during reverse diffusion.,"The function-space operator is the generative model for satellite pansharpening rather than an incidental layer, so the continuous/operator viewpoint is methodological.",PASS,CVPR full paper,https://openaccess.thecvf.com/content/CVPR2026/html/Huang_Spatial-Spectral_Residuals_Informed_Diffusion_Neural_Operator_for_Pan-sharpening_CVPR_2026_paper.html,Retain; stronger evidence than NODiff because function-space diffusion is explicit.
Spectral & Spatial–Spectral Continuous Fields,A spatial-frequency dual-domain implicit guidance method for hyperspectral and multispectral remote sensing image fusion based on Kolmogorov–Arnold Network,2025,Information Fusion,2-D spatial coordinates / implicit feature sampling,KAN-driven INR,SFIGNet performs guided implicit sampling in spatial and frequency domains and explicitly models HSI/MSI fusion in a continuous domain rather than with only discrete interpolation.,The continuous implicit sampling mechanism is central to hyperspectral/multispectral remote-sensing fusion and is used to overcome discrete sampling limitations.,PASS,publisher full text,https://doi.org/10.1016/j.inffus.2025.103261,"Continuity is primarily coordinate/feature sampling, not a claim that Fourier frequency itself is continuously queried."
Spectral & Spatial–Spectral Continuous Fields,Arbitrary-scale Fusion Neural Operator,2025,ACM MM,spatial scale + image-function domain,arbitrary-scale neural operator,"AFNO treats LRHSI and HRMSI as functions, uses integration operators to preserve discretization invariance, and includes implicit neural functional integration plus continuous-discrete equivalence machinery.",The method is explicitly built to perform HSI/MSI fusion at arbitrary scales without retraining by learning a function-level fusion operator.,PASS,author project/abstract,https://doi.org/10.1145/3746027.3755312,Strong operator case: function treatment and discretization invariance are explicit.
Spectral & Spatial–Spectral Continuous Fields,Continuous Tensor Representation for Hyperspectral Anomaly Detection,2025,IEEE TGRS,3-D spatial-spectral coordinates -> background tensor value,continuous low-rank tensor function,CBAR models the HSI background with a continuous low-rank tensor function that maps coordinates to tensor values while jointly encoding low-rankness and smoothness.,"The continuous tensor field is the actual background representation used to separate anomalies in hyperspectral remote-sensing data, not a generic continuous regularizer.",PASS,author full text,https://doi.org/10.1109/TGRS.2025.3593391,Canonical continuous tensor/function case.
Spectral & Spatial–Spectral Continuous Fields,Mamba Collaborative Implicit Neural Representation for Hyperspectral and Multispectral Remote Sensing Image Fusion,2025,IEEE TGRS,spatial query coordinates / continuous feature mapping,Mamba + guided INR,"The method explicitly contrasts discrete data mapping with the continuous nature of the scene and uses implicit neural representation to perform coordinate-conditioned sampling/fusion, while Mamba supplies long-range context.",The INR branch is a core fusion mechanism for HSI/MSI remote-sensing imagery; Mamba alone is not the reason for inclusion.,PASS,IEEE abstract + official project,https://doi.org/10.1109/TGRS.2025.3537638,Retain for INR; do not describe ordinary Mamba sequence modeling as continuous.
Spectral & Spatial–Spectral Continuous Fields,Meta-Collaborative Learning for Arbitrarily Scaled Hyperspectral Image Super-Resolution,2025,IEEE TGRS,spatial magnification scale,meta-learned 3-D arbitrary-scale upsampler,A single 3D meta-upsampling module and scale-aware adaptation mechanism handle arbitrary HSI SR factors rather than separate fixed-scale models.,The scale is a continuously variable reconstruction condition in a hyperspectral remote-sensing SR task and the meta-upsampler is the method's defining component.,PASS,IEEE abstract,https://doi.org/10.1109/TGRS.2025.3544253,Continuous-scale rather than necessarily coordinate-field INR.
Spectral & Spatial–Spectral Continuous Fields,OTIAS: OcTree Implicit Adaptive Sampling for Multispectral and Hyperspectral Image Fusion,2025,AAAI,3-D spatial-spectral coordinate tree,octree INR / coordinate-conditioned kernels,"OTIAS extends coordinate-based implicit sampling from quadtree spatial interpolation to an octree that jointly samples horizontal and vertical/spectral directions, generating kernels from coordinates.",The coordinate-conditioned spatial-spectral sampler is the central HSI/MSI fusion mechanism and explicitly builds on INR's continuous image representation.,PASS,AAAI full paper,https://doi.org/10.1609/aaai.v39i3.32275,Strong coordinate-sampling case across space and channel/spectral direction.
Spectral & Spatial–Spectral Continuous Fields,Physics-informed Neural Operator for Pansharpening,2025,NeurIPS,"spatial coordinates (x,y) + wavelength lambda -> radiance",continuous spatial-spectral radiance field,"An iterative neural integral process learns a continuous radiance field L_i(x,y,lambda), then integrates it against sensor spectral responsivity to form the observed bands.","This directly reconstructs the continuous physical radiance field underlying remote-sensing sensor measurements, making it a canonical Continuous Remote Sensing paper rather than merely an operator-branded pansharpening method.",PASS,NeurIPS full abstract,https://papers.neurips.cc/paper_files/paper/2025/hash/89af8e4eb696738f2c9e589522968a09-Abstract-Conference.html,"Very strong CRS case: continuity is explicit in x,y,lambda and tied to sensor physics."
Spectral & Spatial–Spectral Continuous Fields,An Implicit Transformer-based Fusion Method for Hyperspectral and Multispectral Remote Sensing Image,2024,Int. J. Applied Earth Observation and Geoinformation,spatial and spectral point coordinates / feature positions,implicit Transformer + guided neural sampling,ITF-GAN uses point-to-point implicit functions and guided implicit sampling to replace discrete interpolation and model continuous nonlinear fusion relationships across spatial-spectral features.,The continuous implicit sampling is explicitly introduced to improve HSI/MSI remote-sensing fusion and is central to the method.,PASS,publisher full text,https://doi.org/10.1016/j.jag.2024.103955,Strong implicit-sampling evidence.
Spectral & Spatial–Spectral Continuous Fields,Arbitrary-Scale Hyperspectral Image Super-Resolution From a Fusion Perspective With Spatial Priors,2024,IEEE TGRS,2-D spatial coordinates + spatial scale,local implicit image function,SPG-ASSR incorporates a local implicit image function so the same HSI SR model can be queried for arbitrary scale factors while guided by spatial priors.,The implicit coordinate decoder is the key mechanism enabling arbitrary-scale hyperspectral remote-sensing reconstruction.,PASS,paper abstract,https://doi.org/10.1109/TGRS.2024.3481041,Strong continuous-scale INR case.
Spectral & Spatial–Spectral Continuous Fields,Fourier-Enhanced Implicit Neural Fusion Network for Multispectral and Hyperspectral Image Fusion,2024,NeurIPS,spatial coordinates / implicit feature function,spatial-frequency INR,FeINFN builds spatial- and frequency-domain implicit fusion functions plus an implicit decoder to represent/fuse HSI/MSI features beyond discrete local interpolation.,The INR functions are the proposed fusion mechanism for remote-sensing spectral imagery and specifically address continuous representation limitations such as high-frequency loss.,PASS,NeurIPS paper,https://mlanthology.org/neurips/2024/liang2024neurips-fourierenhanced/,Continuity is from INR; Fourier enhancement is auxiliary.
Spectral & Spatial–Spectral Continuous Fields,INF³: Implicit Neural Feature Fusion Function for Multispectral and Hyperspectral Image Fusion,2024,IEEE Transactions on Computational Imaging,spatial query coordinates + local multimodal features,implicit neural feature fusion function,INF3 defines a coordinate-conditioned implicit feature fusion function that locally interpolates and combines HSI/MSI features to reconstruct HRHSI values.,The continuous implicit function is the fusion/reconstruction map itself and directly operates on remote-sensing spectral data.,PASS,paper abstract/preprint,https://doi.org/10.1109/TCI.2024.3488569,Strong INR fusion case.
Spectral & Spatial–Spectral Continuous Fields,Nonnegative Matrix Functional Factorization for Hyperspectral Unmixing With Nonuniform Spectral Sampling,2024,IEEE TGRS,wavelength lambda -> endmember spectra,functional factorization + INR endmember functions,NMFF replaces discrete endmember vectors with nonnegative functions represented by INRs so endmember spectra can be evaluated under nonuniform/incomplete spectral sampling.,"The continuous object is explicitly the material endmember spectrum as a function of wavelength, which directly addresses a hyperspectral sensing problem with missing/nonuniform bands.",PASS,publisher/institution abstract,https://doi.org/10.1109/TGRS.2023.3347414,Canonical wavelength-continuous CRS case.
Spectral & Spatial–Spectral Continuous Fields,Progressive High-Frequency Reconstruction for Pan-Sharpening with Implicit Neural Representation,2024,AAAI,spatial-spectral coordinates / continuous feature position,spatial-spectral implicit image function,Its SIIF represents and fuses multi-scale spatial and spectral features in a continuous domain to mitigate pixel-position misalignment.,The implicit image function is a core pansharpening fusion mechanism for satellite MS/PAN data rather than a generic high-frequency module.,PASS,AAAI full paper,https://doi.org/10.1609/aaai.v38i5.28214,Continuity comes from SIIF; progressive high-frequency injection alone is not sufficient.
Spectral & Spatial–Spectral Continuous Fields,Spectral-Wise Implicit Neural Representation for Hyperspectral Image Reconstruction,2024,IEEE TCSVT,spectral coordinate / number of wavelength bands,spectral INR,"SINR treats spectral information as continuous and performs continuous spectral amplification, allowing customizable spectral magnification and an unrestricted requested number of output bands.","The continuous variable is directly the hyperspectral spectral axis, and the method reconstructs the sensed 3-D spatial-spectral signal from CASSI measurements.",PASS,author abstract,https://doi.org/10.1109/TCSVT.2023.3318366,Canonical wavelength/spectral-continuity case.
Spectral & Spatial–Spectral Continuous Fields,An adaptive multi-perceptual implicit sampling for hyperspectral and multispectral remote sensing image fusion,2023,Int. J. Applied Earth Observation and Geoinformation,2-D spatial query positions,adaptive guided implicit sampling,AMGSGAN reconstructs unsampled HRHSI locations through adaptive implicit interpolation using multiscale neighboring features rather than fixed discrete interpolation.,The coordinate-conditioned implicit sampling is the defining HSI/MSI fusion mechanism and supports multiple reconstruction scales.,PASS,publisher full text,https://doi.org/10.1016/j.jag.2023.103560,Continuous spatial sampling; spectral information guides the interpolation.
Spectral & Spatial–Spectral Continuous Fields,Implicit Neural Representation Learning for Hyperspectral Image Super-Resolution,2023,IEEE TGRS,2-D spatial coordinates -> spectral radiance vector,coordinate INR,The HSI is explicitly represented as a continuous function mapping a spatial coordinate to its corresponding spectral radiance values.,This continuous coordinate-to-spectrum function is the remote-sensing image representation being reconstructed and used for HSI super-resolution.,PASS,author paper,https://doi.org/10.1109/TGRS.2022.3230204,Canonical HSI INR paper.
Spectral & Spatial–Spectral Continuous Fields,QIS-GAN: A Lightweight Adversarial Network With Quadtree Implicit Sampling for Multispectral and Hyperspectral Image Fusion,2023,IEEE TGRS,2-D spatial coordinates,quadtree implicit sampling,QIS-GAN uses coordinate-driven quadtree implicit sampling to reconstruct HRHSI spatial positions from low-resolution HSI features with MSI guidance.,The implicit coordinate sampler is a central lightweight fusion component for HSI/MSI remote sensing and replaces purely discrete fixed interpolation.,PASS,paper abstract + official code,https://doi.org/10.1109/TGRS.2023.3332176,Continuous spatial sampling rather than continuous wavelength.
Spectral & Spatial–Spectral Continuous Fields,SS-INR: Spatial-Spectral Implicit Neural Representation Network for Hyperspectral and Multispectral Image Fusion,2023,IEEE TGRS,spatial coordinates + spatial-spectral latent features -> HRHSI spectrum,spatial-spectral INR,SS-INR learns an implicit coordinate-conditioned representation of spatial-spectral information to reconstruct high-resolution hyperspectral values rather than only a fixed feed-forward LR-to-HR mapping.,The implicit function is the central solution-space constraint for remote-sensing HSI/MSI fusion and directly addresses the ill-posed continuous reconstruction mapping.,PASS,paper abstract + official code,https://doi.org/10.1109/TGRS.2023.3317413,Strong INR fusion case.
Satellite Video & Spatiotemporal EO,Neural Operator-Based Continuous Tensor Representation for Thick Cloud Removal in Multiresolution Remote Sensing Images,2026,IEEE TGRS,continuous spatial-spectral-temporal tensor coordinates across resolutions,neural-operator continuous tensor representation,The multitemporal multispectral observations are modeled through a continuous tensor/function representation whose intrinsic spatial-spectral-temporal structure can be queried/reconstructed across heterogeneous spatial resolutions.,The continuous tensor representation is the central mechanism for fusing multiresolution remote-sensing observations and recovering cloud-contaminated pixels; it is not simply a neural operator used on one fixed grid.,PASS,paper abstract/author publication record,https://doi.org/10.1109/TGRS.2026.3731463,Strong multiresolution continuous-tensor case; later full-text audit can record the exact coordinate parameterization.
Satellite Video & Spatiotemporal EO,Satellite Video Continuous Space-Time Super-Resolution via Mask-Based Temporal-Aware Warping and Cross-Level Frequency Integration,2026,IEEE TGRS,continuous spatial scale + temporal frame position,continuous space-time satellite-video SR,"The method targets jointly continuous spatial magnification and temporal reconstruction rather than only fixed integer spatial scales or pre-defined frame rates, with temporal-aware warping used to preserve inter-frame continuity.","Both space and time are reconstruction axes of satellite video, and the proposed architecture is explicitly designed around continuous space-time SR rather than ordinary fixed-scale VSR.",PASS,paper abstract,https://doi.org/10.1109/TGRS.2026.3666370,Classify as continuous space-time reconstruction; do not overstate it as a general coordinate neural field unless full text shows that formulation.
Satellite Video & Spatiotemporal EO,Seamless Daily XCO2 Mapping Across China with Transformer and Geo Implicit Neural Representation,2026,IEEE TGRS,geographic coordinates + time -> XCO2,geographic spatiotemporal INR,Geo-INR encodes the geographic/spatiotemporal coordinate of each query and reconstructs a seamless daily XCO2 field from sparse satellite observations.,"The continuous coordinate-to-XCO2 field is itself the Earth-observation product, filling gaps between irregular satellite samples in space and time.",PASS,paper abstract + official project,https://doi.org/10.1109/TGRS.2026.3732466,Canonical continuous geophysical/EO mapping case.
Satellite Video & Spatiotemporal EO,TAIS-Net: Time adaptive implicit sampling diffusion model for arbitrary-scale UAV video super-resolution,2026,ISPRS JPRS,spatial query scale/coordinates conditioned by temporal video information,implicit arbitrary-scale video decoder + diffusion,An implicit decoder reconstructs UAV video frames at arbitrary spatial scales while time-adaptive features exploit neighboring frames; the output scale is not restricted to a small discrete set.,The implicit continuous-scale decoder is a core reconstruction mechanism for UAV remote-sensing video rather than an ordinary fixed-grid diffusion SR model.,PASS,publisher abstract + official project,https://doi.org/10.1016/j.isprsjprs.2026.04.060,Continuity is strongest on the spatial scale/query axis; temporal modeling is adaptive but should not be claimed continuous unless explicitly parameterized.
Satellite Video & Spatiotemporal EO,A Unified Sentinel-2 Imagery Thick Cloud Removal and Rescaling Framework From a Continuous Perspective,2025,IEEE TGRS,2-D spatial coordinates/resolution -> material abundance maps; time remains discretely indexed,INR continuous abundance maps + discrete spectral signatures,"The framework uses INR to continuously represent abundance maps at different Sentinel-2 spatial resolutions, while spectral signatures at acquisition times are modeled discretely.","It directly fuses multitemporal, full-spectrum Sentinel-2 observations of different resolutions and makes the continuous spatial abundance representation the mechanism that unifies cloud removal and rescaling.",PASS,author manuscript/abstract,https://doi.org/10.1109/TGRS.2025.3609321,Important nuance: spatial abundance is continuous; spectral signatures/time nodes are explicitly discrete.
Satellite Video & Spatiotemporal EO,Hazy Low-Quality Satellite Video Restoration Via Learning Optimal Joint Degradation Patterns and Continuous-Scale Super-Resolution Reconstruction,2025,CVPR,spatial magnification scale,continuous-scale satellite-video SR,The restoration pipeline includes a continuous-scale SR reconstruction module that conditions reconstruction on arbitrary target magnification rather than fixed integer scales.,"Continuous scale is a core part of the satellite-video restoration problem and reconstruction head, coupled to the learned degradation model.",PASS,CVPR full paper,https://openaccess.thecvf.com/content/CVPR2025/html/Ni_Hazy_Low-Quality_Satellite_Video_Restoration_Via_Learning_Optimal_Joint_Degradation_CVPR_2025_paper.html,"Continuous-scale reconstruction, not a continuous temporal field."
Satellite Video & Spatiotemporal EO,Streamlined Multilayer Perceptron for Contaminated Time Series Reconstruction: A Case Study in Coastal Zones of Southern China,2025,ISPRS JPRS,time -> multispectral Landsat signal,temporal INR / coordinate MLP,"After separating long-term components, the reconstruction network takes time coordinates as inputs and learns continuous functions for contaminated Landsat time-series signals.",The continuous temporal functions directly reconstruct missing/contaminated Earth-observation measurements at time locations rather than only forecasting a fixed-length vector.,PASS,publisher full text/abstract,https://www.sciencedirect.com/science/article/abs/pii/S0924271625000401,Strong temporal-coordinate case; spatial domain is not the primary continuous variable.
Satellite Video & Spatiotemporal EO,Deformable Convolution Alignment and Dynamic Scale-Aware Network for Continuous-Scale Satellite Video Super-Resolution,2024,IEEE TGRS,spatial magnification scale,dynamic scale-aware continuous-scale VSR,"A single model reconstructs satellite video at arbitrary integer and non-integer spatial scales, using a dynamic scale-aware reconstruction mechanism instead of separate fixed-scale heads.",Continuous spatial scale is an explicit satellite-video task variable and a defining capability of the proposed network.,PASS,IEEE abstract + official code,https://doi.org/10.1109/TGRS.2024.3366550,Continuous-scale only; motion alignment itself is not evidence of continuous time.
"NeRF, Radiance & Implicit Surface Fields",Depth and Geometry Regularization for Neural Implicit Reconstruction From Few-View Satellite Images,2026,IEEE TGRS,3-D position -> signed-distance/geometry field + view-dependent radiance,neural implicit surface / NeRF-SDF,"The satellite scene surface is represented by a continuous implicit geometry function, regularized by depth and multiview geometry, with radiance rendered from the recovered field.","The implicit surface is the recovered 3-D Earth-observation geometry from few satellite views, so continuity is the scene representation itself rather than merely the renderer.",PASS,paper abstract,https://doi.org/10.1109/TGRS.2026.3699879,Strong satellite implicit-surface case.
"NeRF, Radiance & Implicit Surface Fields",Accurate and complete neural implicit surface reconstruction in street scenes using images and LiDAR point clouds,2025,ISPRS JPRS,3-D coordinates -> signed distance/surface,LiDAR-image neural implicit surface,"A coordinate-based implicit surface continuously represents street-scene geometry, with LiDAR and imagery jointly constraining signed-distance and surface normals.",The continuous surface is the photogrammetric/geospatial reconstruction target and is directly estimated from mobile mapping sensors.,PASS,publisher full text,https://doi.org/10.1016/j.isprsjprs.2024.12.012,Canonical sensor-fused implicit-surface reconstruction.
"NeRF, Radiance & Implicit Surface Fields",Cross-sensor adaptive semantic segmentation for mobile laser scanning point clouds based on continuous potential scene surface reconstruction,2025,ISPRS JPRS,3-D position -> continuous potential scene surface/features,continuous implicit scene surface / UDF,The method reconstructs a canonical continuous potential scene surface from discrete mobile-laser-scanning point clouds using an implicit distance-field representation.,The continuous surface acts as the geometry-aligned latent domain used to bridge different LiDAR sensor sampling patterns for geospatial semantic segmentation.,PASS,publisher full text,https://doi.org/10.1016/j.isprsjprs.2025.07.021,"Strong example where continuity is used for cross-sensor invariance, not just 3-D rendering."
"NeRF, Radiance & Implicit Surface Fields",NeRF-LAI: A Hybrid Method Combining Neural Radiance Field and Gap-Fraction Theory for Deriving Effective Leaf Area Index of Corn and Soybean Using Multi-Angle UAV Images,2025,Remote Sensing of Environment,3-D position + viewing direction -> vegetation radiance/density field,UAV NeRF + physical gap-fraction model,"NeRF learns a continuous 3-D crop radiance/density field from multi-angle UAV imagery, from which view-dependent gap fractions and effective LAI are derived.","The continuous field is a physical vegetation scene reconstructed from remote sensing and is directly coupled to LAI retrieval, not used only for photorealistic rendering.",PASS,publisher abstract,https://www.sciencedirect.com/science/article/abs/pii/S0034425725002482,Strong physical remote-sensing use of a radiance field.
"NeRF, Radiance & Implicit Surface Fields",RDS-NeRF: Residual and Depth Supervision Neural Radiance Field for Multiscene 3-D Reconstruction of Satellite Images,2025,IEEE TGRS,3-D position + viewing direction -> density/radiance,satellite NeRF,"A neural radiance field continuously represents satellite-scene geometry and appearance, with residual/depth supervision introduced to improve multiscene 3-D reconstruction.","The field is directly reconstructed from satellite imagery and used to recover 3-D geometry/DSM-like structure, so NeRF is the scene model rather than a secondary visualization tool.",PASS,paper abstract,https://doi.org/10.1109/TGRS.2025.3636144,Satellite-specific continuous scene field.
"NeRF, Radiance & Implicit Surface Fields",FVMD-ISRe: 3-D Reconstruction From Few-View Multidate Satellite Images Based on the Implicit Surface Representation of Neural Radiance Fields,2024,IEEE TGRS,3-D coordinates -> implicit satellite surface + radiance,NeRF implicit surface representation,The method represents satellite-scene geometry with a continuous neural implicit surface within a NeRF rendering framework and constrains it using few-view multidate observations.,"The implicit surface is the 3-D reconstruction target from satellite remote sensing, explicitly introduced to overcome dense-matching limitations.",PASS,paper abstract,https://doi.org/10.1109/TGRS.2024.3399786,Strong implicit-surface rather than generic NeRF case.
"NeRF, Radiance & Implicit Surface Fields",LiDeNeRF: Neural Radiance Field Reconstruction with Depth Prior Provided by LiDAR Point Cloud,2024,ISPRS JPRS,3-D position + viewing direction -> scene density/radiance,LiDAR-constrained NeRF,NeRF continuously represents scene density/radiance while dense depth priors propagated from LiDAR constrain the geometry of that field.,"The radiance field is the photogrammetric 3-D scene reconstructed from imagery and LiDAR, with geometric accuracy explicitly treated as a remote-sensing requirement.",PASS,publisher full text,https://doi.org/10.1016/j.isprsjprs.2024.01.017,Retain because the continuous NeRF scene is directly the sensor-fusion reconstruction object.
"NeRF, Radiance & Implicit Surface Fields",PriNeRF: Prior Constrained Neural Radiance Field for Robust Novel View Synthesis of Urban Scenes with Fewer Views,2024,ISPRS JPRS,3-D position + viewing direction -> urban radiance/density,prior-constrained NeRF,The urban scene is represented by a continuous neural radiance field while multiview scene priors and camera-geometry constraints regularize its reconstruction from sparse views.,It is a photogrammetric/geospatial urban-scene reconstruction problem in an ISPRS setting; the NeRF itself is the scene representation optimized jointly with camera geometry.,PASS,publisher full text,https://doi.org/10.1016/j.isprsjprs.2024.07.015,"Borderline with general computer vision, but passes because the continuous scene reconstruction and photogrammetric camera geometry are central."
"NeRF, Radiance & Implicit Surface Fields",rpcPRF: Generalizable MPI Neural Radiance Field for Satellite Camera With Single and Sparse Views,2024,IEEE TGRS,continuous altitude coordinate + satellite RPC geometry,MPI planar neural radiance field,rpcPRF explicitly combines an MPI implicit representation with the satellite RPC camera model to capture a continuous altitude space while learning 3-D structure from sparse satellite views.,The continuous altitude/radiance representation is tailored to satellite imaging geometry and used for both novel-view synthesis and 3-D reconstruction.,PASS,IEEE abstract,https://doi.org/10.1109/TGRS.2024.3382537,Very strong satellite-specific continuous-altitude evidence.
"NeRF, Radiance & Implicit Surface Fields",SatensoRF: Fast Satellite Tensorial Radiance Field for Multidate Satellite Imagery of Large Size,2024,IEEE TGRS,3-D position + view/date-dependent appearance -> density/reflectance/ambient fields,tensor-factorized satellite radiance field,"SatensoRF factorizes the satellite scene into continuous tensorial fields for volume density, reflectance, ambient color and ambient adjustment, queried along satellite camera rays.","The represented object is the multidate satellite scene itself, and the tensorial radiance fields are optimized to recover both imagery and altitude/geometry at large scale.",PASS,author full text/abstract,https://doi.org/10.1109/TGRS.2024.3382632,Strong tensorial radiance-field case.
"NeRF, Radiance & Implicit Surface Fields",UAV-ENeRF: Text-Driven UAV Scene Editing With Neural Radiance Fields,2024,IEEE TGRS,3-D position + viewing direction -> UAV scene radiance/density,compact UAV NeRF,A dual-branch compact NeRF continuously represents a large UAV scene and is optimized so edited 2-D views remain consistent in the underlying 3-D field.,"The NeRF is the 3-D UAV remote-sensing scene representation used for reconstruction, novel-view generation and controlled environmental editing.",PASS,IEEE abstract,https://doi.org/10.1109/TGRS.2024.3379649,Retain as UAV continuous scene representation; text editing is auxiliary.
"Continuous Feature Fields, Detection & GeoAI",GAIR: Location-Aware Self-Supervised Contrastive Pre-Training with Geo-Aligned Implicit Representations,2026,ISPRS JPRS,geographic/spatial coordinates -> continuous latent feature field,geo-aligned INR feature field,The INR module reconstructs a continuous representation of remote-sensing imagery/features at arbitrary spatial positions and aligns satellite/street-view observations in a shared geographic domain.,The continuous geospatial feature field is the mechanism that makes cross-view self-supervised pretraining location-aware; it is not merely positional encoding attached to a discrete backbone.,PASS,publisher abstract,https://www.sciencedirect.com/science/article/pii/S092427162600208X,Strong continuous latent/geospatial field case.
"Continuous Feature Fields, Detection & GeoAI",NeRI: Implicit Neural Representation for Infrared Small Target Detection,2025,IEEE TGRS,2-D spatial coordinates -> high-frequency target structural features,INR feature field / coordinate-guidance blocks,"NeRI explicitly learns continuous mappings from spatial coordinates to high-frequency structural representations of infrared targets, using INR blocks at multiple encoder levels.",The coordinate-defined continuous feature representation is introduced specifically to overcome information loss caused by discretely sampled feature spaces in infrared remote-sensing target detection.,PASS,paper abstract,https://doi.org/10.1109/TGRS.2025.3633281,Passes despite being detection rather than reconstruction because the continuous coordinate-to-feature map is a core mechanism.
Critical / Negative Evidence,Performance and Efficiency of Climate In Situ Data Reconstruction: Why Optimized IDW Outperforms Kriging and Implicit Neural Representation,2026,IEEE TGRS,"2-D station location -> climate variable (for the compared INR), but experiments are in-situ station reconstruction",INR benchmark/counterexample,"The compared MMGN model is a coordinate-based INR for sparse spatial climate-station reconstruction, but the study itself evaluates in-situ ECA&D station observations rather than a remote-sensing/EO sensing product.","It is valuable negative evidence about when INR may not outperform classical interpolation, but it fails the repository's own direct remote-sensing/geophysical-sensing Gate A and therefore should not count as a core Continuous Remote Sensing paper.",FAIL,paper abstract/full manuscript,https://doi.org/10.1109/TGRS.2026.3701545,Preserve as context/counter-evidence outside the counted core bibliography; do not use it to inflate the CRS paper count.
